ይህ ቤት ፈራሽ ን ኧው ።	ይህ ቤት ፈራሽ ን ኧው ።	DET N N V 3;PRO;SG _
ቤት መሥራት ይ ችል ኣል ።	ቤት መሥራት ይ ችል ኣል ።	N N;V.MSDR 3;MASC;PRO;SG V V _
ልጅ ኡ መኪና ተሰጥ ኧው ።	ልጅ ኡ መኪና ተሰጥ ኧው ።	N DET N PASS;V 3;PRO;SG _
ተማሪ ው ደብተር ኡ ን ቀደድ ኧ ው ።	ተማሪ ው ደብተር ኡ ን ቀደድ ኧ ው ።	N DET N DET PART V 3;MASC;PRO;SG 3;MASC;PRO;SG _
ተራራ ኡ ን መውጣት ብዙ ጥረት ይ ጠይቅ ኣል ።	ተራራ ኡ ን መውጣት ብዙ ጥረት ይ ጠይቅ ኣል ።	N DET PART N;V.MSDR ADJ N 3;MASC;PRO;SG V V _
ምነው እውነት ኡ ን ብ ይ ናገር ኖር ኦ ።	ምነው እውነት ኡ ን ብ ይ ናገር ኖር ኦ ።	INTJ N DET PART CONJ 3;MASC;PRO;SG V V 3;MASC;PRO;SG _
ካሳ አስቴር ስለ ታመም ኧች ወደ ትምህርት ቤት ኣል ሄድ ኧ ም ።	ካሳ አስቴር ስለ ታመም ኧች ወደ ትምህርት ቤት ኣል ሄድ ኧ ም ።	PROPN PROPN CONJ V 3;FEM;PRO;SG ADP N N NEG;PART V 3;MASC;PRO;SG PART _
ደብዳቤ ው ስ ኣል ይ ጠፍ ኣ ኣል ቀር ኧ ም ።	ደብዳቤ ው ስ ኣል ይ ጠፍ ኣ ኣል ቀር ኧ ም ።	N DET CONJ NEG;PART 3;MASC;PRO;SG V 3;FEM;PRO;SG NEG;PART V 3;MASC;PRO;SG PART _
የ ደከም ኡ ት አይኖች ኡ ብዙ ኣል ይ ኣስነብ ኡ ት ም ።	የ ደከም ኡ ት አይኖች ኡ ብዙ ኣል ይ ኣስነብ ኡ ት ም ።	ADP V 3;PL;PRO 3;MASC;PRO;SG N;PL 3;MASC;PRO;SG ADV NEG;PART 3;MASC;PRO;SG CAUS;V 3;PL;PRO 3;MASC;PRO;SG PART _
ለ በዓል ምን ገዛ ህ ?	ለ በዓል ምን ገዛ ህ ?	ADP N PRO V 3;MASC;PRO;SG _
ይህ መንገድ ወደ ግቢ ይ ኣስኬድ ኣል ።	ይህ መንገድ ወደ ግቢ ይ ኣስኬድ ኣል ።	DET N ADP N 3;MASC;PRO;SG CAUS;V V _
የ እም ት ሰግ ኣ ከ ሆን ኧ ልጅ ህ ን ወደ እዚያ ቦታ ኣል ት ላክ ።	የ እም ት ሰግ ኣ ከ ሆን ኧ ልጅ ህ ን ወደ እዚያ ቦታ ኣል ት ላክ ።	PART PART 3;MASC;PRO;SG V 3;FEM;PRO;SG CONJ V 3;MASC;PRO;SG N 2;MASC;PRO;SG PART ADP DET N NEG;PART 3;MASC;PRO;SG IMP;V _
በ ዛሬ ጊዜ ገንዘብ ለ ማግኘት ስ ይ ተባል እስከ መግደል ይ ደረስ ኣል ።	በ ዛሬ ጊዜ ገንዘብ ለ ማግኘት ስ ይ ተባል እስከ መግደል ይ ደረስ ኣል ።	ADP N N N ADP N CONJ 3;MASC;PRO;SG V ADP N;V.MSDR 3;MASC;PRO;SG V V _
ወደ ጎጃም የ ሄድ ኧች ው በ አውቶቢስ ን ኧው ።	ወደ ጎጃም የ ሄድ ኧች ው በ አውቶቢስ ን ኧው ።	ADP PROPN ADP V 3;FEM;PRO;SG 3;DET;SG ADP N V 3;PRO;SG _
ፈረስ ኡ ቶሎ ቶሎ ሂያጅ ን ኧው ።	ፈረስ ኡ ቶሎ ቶሎ ሂያጅ ን ኧው ።	N DET ADV ADV N V 3;PRO;SG _
እርሳስ ኡ ን መቅረጫ የ እም ይ ሆን ምላጭ ስጥ ኧ ኝ ።	እርሳስ ኡ ን መቅረጫ የ እም ይ ሆን ምላጭ ስጥ ኧ ኝ ።	N DET PART N;V.MSDR PART PART 3;MASC;PRO;SG V N V 3;MASC;PRO;SG 1;PRO;SG _
አልማዝ አገነፍ ኣች ።	አልማዝ አገነፍ ኣች ።	PROPN V 3;FEM;PRO;SG _
ልጅት ዋ እኮ ቆንጆ ን ኣት ።	ልጅት ዋ እኮ ቆንጆ ን ኣት ።	N DET;FEM INTJ ADJ V 3;FEM;PRO;SG _
ጨው ና በርበሬ ቅቤ ም አመጣ ሁ ።	ጨው ና በርበሬ ቅቤ ም አመጣ ሁ ።	N CONJ N N CONJ V 1;PRO;SG _
አስቴር አልጋ ው ላይ ወደቅ ኧች ።	አስቴር አልጋ ው ላይ ወደቅ ኧች ።	PROPN N DET ADP V 3;FEM;PRO;SG _
ያ ን መንገድ ን ኧው የ መጣ ሁ በ ት ።	ያ ን መንገድ ን ኧው የ መጣ ሁ በ ት ።	DET PART N V 3;PRO;SG PART V 1;NEUT;PRO;SG ADP 3;FEM;PRO;SG _
ልጅ ኡ ን አስተኝ ኡ ት ።	ልጅ ኡ ን አስተኝ ኡ ት ።	N DET PART CAUS;V 3;PL;PRO 3;MASC;PRO;SG _
ውሃ አስሞቅ ኧ ።	ውሃ አስሞቅ ኧ ።	N CAUS;V 3;MASC;PRO;SG _
ልጅ ኡ የ ገደል ኧ ው እባብ ትልቅ ን ኧው ።	ልጅ ኡ የ ገደል ኧ ው እባብ ትልቅ ን ኧው ።	N DET PART V 3;MASC;PRO;SG 3;MASC;PRO;SG N ADJ V 3;PRO;SG _
ምነው ብርቱካኖች ኡ በስል ኧው ብ ይ ሆን ኖር ኦ ።	ምነው ብርቱካኖች ኡ በስል ኧው ብ ይ ሆን ኖር ኦ ።	INTJ N;PL DET V 3;PL;PRO CONJ 3;MASC;PRO;SG V V 3;MASC;PRO;SG _
ብ ኣል ይ ደርቅ ም ልብስ ኡ ን አግብ ኢ ው ።	ብ ኣል ይ ደርቅ ም ልብስ ኡ ን አግብ ኢ ው ።	CONJ NEG;PART 3;MASC;PRO;SG V CONJ N DET PART V 2;FEM;PRO;SG 3;MASC;PRO;SG _
በልት ኧህ ሳህን ኡ ን የ እም ኣል ት ኣጥብ ኧው ለ ምንድን ን ኧው ?	በልት ኧህ ሳህን ኡ ን የ እም ኣል ት ኣጥብ ኧው ለ ምንድን ን ኧው ?	V 2;MASC;PRO;SG N DET PART PART PART NEG;PART 3;FEM;PRO;SG V 3;PRO;SG ADP PRO V 3;PRO;SG _
ስ እ ኣገኝ ኣቸው እ ሰጥ ኣቸው ኣል ኧሁ ።	ስ እ ኣገኝ ኣቸው እ ሰጥ ኣቸው ኣል ኧሁ ።	CONJ 1;PRO;SG V 3;PL;PRO 1;PRO;SG V 3;PL;PRO V 1;PRO;SG _
ልጅ ኡ ተደሰት ኧ ።	ልጅ ኡ ተደሰት ኧ ።	N DET PASS;V 3;MASC;PRO;SG _
ከ መጣ ኧ ኣል ይ ቀር ጓዝ ኡ ን ይዝ ኦ ይ ምጣ ኧ ።	ከ መጣ ኧ ኣል ይ ቀር ጓዝ ኡ ን ይዝ ኦ ይ ምጣ ኧ ።	ADP V 3;MASC;PRO;SG NEG;PART 3;MASC;PRO;SG V N 3;MASC;PRO;SG PART V 3;MASC;PRO;SG 3;MASC;PRO;SG V 3;MASC;PRO;SG _
በ ሁኔታ ው ተሸበር ኧ ።	በ ሁኔታ ው ተሸበር ኧ ።	ADP N DET PASS;V 3;MASC;PRO;SG _
ሱቅ መሄድ ህ እነደ ሆን ኧ አንድ ኪሎ ስኳር አምጥ ኣ ል ኝ ?	ሱቅ መሄድ ህ እነደ ሆን ኧ አንድ ኪሎ ስኳር አምጥ ኣ ል ኝ ?	N N;V.MSDR 2;MASC;PRO;SG CONJ V 3;MASC;PRO;SG NUM N N V 3;MASC;PRO;SG ADP 1;MASC+FEM;PRO;SG _
እጅ ህ ን ስ ኣል ት ታጠብ ኣል ት ብላ ኧ ።	እጅ ህ ን ስ ኣል ት ታጠብ ኣል ት ብላ ኧ ።	N 2;MASC;PRO;SG PART CONJ NEG;PART 2;MASC;PRO;SG V NEG;PART 2;MASC;PRO;SG V 2;MASC;PRO;SG _
ጠጅ አምጣ ኧ !	ጠጅ አምጣ ኧ !	N V 3;MASC;PRO;SG _
ብርጭቆ ው ን ወተት ጠጣ ኧ በ ት ።	ብርጭቆ ው ን ወተት ጠጣ ኧ በ ት ።	N DET PART N V 3;MASC;PRO;SG ADP;BEN 3;MASC;PRO;SG _
ትንሽ ዋ ቤት ስ ብ ት ሆን ለ ሁል ኣችን ም ኣል ት በቃ ም ?	ትንሽ ዋ ቤት ስ ብ ት ሆን ለ ሁል ኣችን ም ኣል ት በቃ ም ?	ADJ DET;FEM N INTJ CONJ 3;MASC;PRO;SG V ADP ADJ 2;PL;PRO CONJ NEG;PART 3;MASC;PRO;SG V PART _
ቤት ግብ ዋ ።	ቤት ግብ ዋ ።	N V 2;NEUT;PL;PRO _
የ እም እ ወድ ኧው ሥራ መሥራት ን ን ኧው ።	የ እም እ ወድ ኧው ሥራ መሥራት ን ን ኧው ።	PART PART 1;PRO;SG V 3;PRO;SG N N;V.MSDR PART V 3;PRO;SG _
ሐውልት ኡ የ ቆም ኧ በ ት ስፍራ ከ እዚህ ሩቅ አይደል ኧ ም ።	ሐውልት ኡ የ ቆም ኧ በ ት ስፍራ ከ እዚህ ሩቅ አይደል ኧ ም ።	N DET ADP V 3;MASC;PRO;SG ADP 3;FEM;PRO;SG N ADP DET ADJ V 3;MASC;PRO;SG CONJ _
ነገ የ እም ይ መጣ ይ መስለ ኝ ኣል ።	ነገ የ እም ይ መጣ ይ መስለ ኝ ኣል ።	ADV PART PART 3;MASC;PRO;SG V 3;MASC;PRO;SG V 1;PRO;SG V _
ከብት አርቢዎች እየተጓጓዝ ኡ የ እም ይ ኖር ኡ ሕዝብ ን ኣቸው ።	ከብት አርቢዎች እየተጓጓዝ ኡ የ እም ይ ኖር ኡ ሕዝብ ን ኣቸው ።	N N;PL V 3;PL;PRO PART PART 3;MASC;PRO;SG V 3;PL;PRO N V 3;PL;PRO _
ልጅ ኡ ብርጭቆ ው ን ወረወር ኧ ው ።	ልጅ ኡ ብርጭቆ ው ን ወረወር ኧ ው ።	N DET N DET PART V 3;MASC;PRO;SG 3;MASC;PRO;SG _
ሚስጥር ኡ ገባ ኧ ኝ ።	ሚስጥር ኡ ገባ ኧ ኝ ።	N DET V 3;MASC;PRO;SG 1;PRO;SG _
ልብስ አሳጠብ ኩ ኣት ።	ልብስ አሳጠብ ኩ ኣት ።	N CAUS;V 1;PRO;SG 3;FEM;PRO;SG _
አስቴር ቤት እየ ሰር ኣች ን ኧው ።	አስቴር ቤት እየ ሰር ኣች ን ኧው ።	PROPN N V V 3;FEM;PRO;SG V 3;PRO;SG _
ልብስ አሳጠብ ኩ ኣት ።	ልብስ አሳጠብ ኩ ኣት ።	N CAUS;V 1;PRO;SG 3;FEM;PRO;SG _
ካሳ ሰው ይ ኣከብር ኣል ።	ካሳ ሰው ይ ኣከብር ኣል ።	PROPN N 3;MASC;PRO;SG V V _
ልጅ እንድ ይ ኖር ኧው ይ ፈልግ ኣል ።	ልጅ እንድ ይ ኖር ኧው ይ ፈልግ ኣል ።	N CONJ 3;MASC;PRO;SG V 3;PRO;SG 3;MASC;PRO;SG V V _
ራስ ኤ ን አመመ ኝ ።	ራስ ኤ ን አመመ ኝ ።	N 1;PRO;SG PART V 1;PRO;SG _
ልጅ ኡ ትናንትና ሁለት እንቁላል ሸጥ ኧ ።	ልጅ ኡ ትናንትና ሁለት እንቁላል ሸጥ ኧ ።	N DET ADV NUM N V 3;MASC;PRO;SG _
ከ አስቴር የ በለጠ ወፍራም ሴት ን ኣት ።	ከ አስቴር የ በለጠ ወፍራም ሴት ን ኣት ።	ADP PROPN ADP V ADJ N V 3;FEM;PRO;SG _
ጦርነት ኡ ከ ኣል ቆም ኧ ሁል ኣችን ም ተሰዳጆች ን ኧን ።	ጦርነት ኡ ከ ኣል ቆም ኧ ሁል ኣችን ም ተሰዳጆች ን ኧን ።	N DET CONJ NEG;PART V 3;MASC;PRO;SG N 2;PL;PRO CONJ ADJ;PL V 1;PL;PRO _
ካሳ ነገር አስብ ኦ ኣል ።	ካሳ ነገር አስብ ኦ ኣል ።	PROPN N V 3;MASC;PRO;SG V _
ልጆች ኡ ባለግ ኡ ።	ልጆች ኡ ባለግ ኡ ።	N DET V 3;PL;PRO _
እረኛ ው ን አይት ኤ ው ኣል ሁ ብል ኦ የ ምስክርነት ቃል ኡ ን ሰጥ ኧ ።	እረኛ ው ን አይት ኤ ው ኣል ሁ ብል ኦ የ ምስክርነት ቃል ኡ ን ሰጥ ኧ ።	N DET PART V 1;PRO;SG 3;MASC;PRO;SG V 3;NEUT;PRO;SG V;V.CVB 3;MASC;PRO;SG ADP N N 3;MASC;PRO;SG PART V 3;MASC;PRO;SG _
ከ እዚህ ም ትንሽ ል ውሰድ ?	ከ እዚህ ም ትንሽ ል ውሰድ ?	ADP DET CONJ ADJ 1;PRO;SG V _
ተማሪ ው ከ ኣል ተጠነቀቅ ኡ ብዙ ስሕተት ሲ ኣይ ሰር ኣ ኣል ይ ቀር ም ።	ተማሪ ው ከ ኣል ተጠነቀቅ ኡ ብዙ ስሕተት ሲ ኣይ ሰር ኣ ኣል ይ ቀር ም ።	N DET CONJ NEG;PART V 3;PL;PRO ADJ N CONJ NEG;PART V 3;MASC;PRO;SG NEG;PART 3;MASC;PRO;SG V PART _
ጀመር ኧ ።	ጀመር ኧ ።	V 3;MASC;PRO;SG _
ተማሪ ቤት አስኬድ ኩ ት ።	ተማሪ ቤት አስኬድ ኩ ት ።	N N CAUS;V 1;PRO;SG 3;MASC;PRO;SG _
ል ይ ኣመልጥ የ እም ይ ችል በ ት ን ዘዴ ፈጠር ኧ ።	ል ይ ኣመልጥ የ እም ይ ችል በ ት ን ዘዴ ፈጠር ኧ ።	1;PRO;SG 3;MASC;PRO;SG V PART PART 3;MASC;PRO;SG V ADP;INS 3;MASC;PRO;SG PART N V 3;MASC;PRO;SG _
በ አጠገብ ኡ ለ ማለፍ ስ እ ሞክር መንገድ ኡ ን ዘጋ ኧ ብ ኝ ።	በ አጠገብ ኡ ለ ማለፍ ስ እ ሞክር መንገድ ኡ ን ዘጋ ኧ ብ ኝ ።	ADP N DET ADP N;V.MSDR CONJ 1;PRO;SG V N DET PART V 3;MASC;PRO;SG ADP 1;PRO;SG _
ለ ሰርግ ኡ በ ኣለ መምጣት ኤ ተቀየም ኧኝ ።	ለ ሰርግ ኡ በ ኣለ መምጣት ኤ ተቀየም ኧኝ ።	ADP N DET ADP NEG;PART N;V.MSDR 1;PRO;SG PASS;V 1;PRO;SG _
ተሽቀዳደም ኡ ።	ተሽቀዳደም ኡ ።	PASS;V 3;PL;PRO _
ቀይ ሹራብ መልበስ ኤ ን ኣል ወደድ ኧች ው ም ።	ቀይ ሹራብ መልበስ ኤ ን ኣል ወደድ ኧች ው ም ።	ADJ N N;V.MSDR 1;PRO;SG PART NEG;PART V 3;FEM;PRO;SG 3;MASC;PRO;SG PART _
ሚስት ኡ ን በ መግደል ተከሰስ ኧ ።	ሚስት ኡ ን በ መግደል ተከሰስ ኧ ።	N 3;MASC;PRO;SG PART ADP N;V.MSDR V 3;MASC;PRO;SG _
አንበሳ ው ተንጠራራ ኧ ።	አንበሳ ው ተንጠራራ ኧ ።	N DET PASS;V 3;MASC;PRO;SG _
አስተማሪ ው ተዛወር ኧ ።	አስተማሪ ው ተዛወር ኧ ።	N DET PASS;V 3;MASC;PRO;SG _
ዘነብ ኧ ።	ዘነብ ኧ ።	V 3;MASC;PRO;SG _
በ ውትድርና ሙያ ለ በላይ ታዛዥ መሆን የ ግድ ን ኧው ።	በ ውትድርና ሙያ ለ በላይ ታዛዥ መሆን የ ግድ ን ኧው ።	ADP N N ADP N ADJ N;V.MSDR ADP N V 3;PRO;SG _
ውሃ ው ን አፈል ኣ ።	ውሃ ው ን አፈል ኣ ።	N DET PART CAUS;V 3;FEM;PRO;SG _
እርሱ ን ማ አውቅ ኧው የል ኧ ም ?	እርሱ ን ማ አውቅ ኧው የል ኧ ም ?	PRO PART INTJ V 3;PRO;SG V 3;MASC;PRO;SG PART _
ነጋዴ ው ከስር ኦ ቀር ኧ ።	ነጋዴ ው ከስር ኦ ቀር ኧ ።	N DET V;V.CVB 3;MASC;PRO;SG V 3;MASC;PRO;SG _
ጠላት ኡ ን አስገደል ኧ ው ።	ጠላት ኡ ን አስገደል ኧ ው ።	N 3;MASC;PRO;SG PART CAUS;V 3;MASC;PRO;SG 3;MASC;PRO;SG _
ንጉስ ን ይ ኣከብር ኡ ኣል ።	ንጉስ ን ይ ኣከብር ኡ ኣል ።	N PART 3;MASC;PRO;SG V 3;PL;PRO V _
ረኃብ ከ ኣዋቂ ይልቅ ልጅ ን ን ኧው የ እም ይ ርብ ።	ረኃብ ከ ኣዋቂ ይልቅ ልጅ ን ን ኧው የ እም ይ ርብ ።	N ADP N ADV N PART V 3;PRO;SG PART PART 3;MASC;PRO;SG V _
ልጅ ኡ ርብ ኦ ት ኣል ም ጠምት ኦ ት ኣል ም ።	ልጅ ኡ ርብ ኦ ት ኣል ም ጠምት ኦ ት ኣል ም ።	N DET V 3;MASC;PRO;SG 3;MASC;PRO;SG V CONJ V 3;MASC;PRO;SG 3;MASC;PRO;SG V CONJ _
ወደ ታች ውረድ ኡ !	ወደ ታች ውረድ ኡ !	ADP N IMP;V 3;PL;PRO _
ደብዳቤ ኡ ን አጣጥፍ ኦ ኪስ ኡ ከተት ኧ ።	ደብዳቤ ኡ ን አጣጥፍ ኦ ኪስ ኡ ከተት ኧ ።	N DET PART V;V.CVB 3;MASC;PRO;SG N 3;MASC;PRO;SG V 3;MASC;PRO;SG _
አልማዝ ገንፎ አገነፍ ኣች ።	አልማዝ ገንፎ አገነፍ ኣች ።	PROPN N V 3;FEM;PRO;SG _
ልጅ ኡ ን እያስፈራር ኡ አስጠፍ ኡ ት ።	ልጅ ኡ ን እያስፈራር ኡ አስጠፍ ኡ ት ።	N DET PART V 3;PL;PRO CAUS;V 3;PL;PRO 3;MASC;PRO;SG _
መ ቀለድ ና መቀባጠር ን ይ ወድድ ኣል ።	መ ቀለድ ና መቀባጠር ን ይ ወድድ ኣል ።	ADP N CONJ N;V.MSDR PART 3;MASC;PRO;SG V V _
አልማዝ የ ካሳ ን መምጣት ት ኣውቅ ኣል ኧች ።	አልማዝ የ ካሳ ን መምጣት ት ኣውቅ ኣል ኧች ።	PROPN ADP PROPN PART V;V.MSDR 3;FEM;PRO;SG V V 3;FEM;PRO;SG _
ይህ መርዝ ይ ገድል ኧው ይ ሆን ?	ይህ መርዝ ይ ገድል ኧው ይ ሆን ?	DET N 3;MASC;PRO;SG V 3;MASC;PRO;SG 3;MASC;PRO;SG V _
በ እየ ሄድ ኧ በ ት ሁሉ እቃ ይ ገዛ ኣል ።	በ እየ ሄድ ኧ በ ት ሁሉ እቃ ይ ገዛ ኣል ።	ADP ADP V 3;MASC;PRO;SG ADP;ESS 3;FEM;PRO;SG ADV N 3;MASC;PRO;SG V V _
ልጅ ኡ ከ መፍራት ኡ የ ተነሣ መርፌ ው ን ል ይ ወጋ ኣል ደፈር ኧ ም ።	ልጅ ኡ ከ መፍራት ኡ የ ተነሣ መርፌ ው ን ል ይ ወጋ ኣል ደፈር ኧ ም ።	N DET ADP N;V.MSDR DET PART PASS;V N DET PART CONJ 3;MASC;PRO;SG V NEG;PART V 3;MASC;PRO;SG PART _
ወደድ ክ ም ጠላ ህ ም እሷ እንደሆን መምጣት ዋ ኣል ይ ቀር ም ።	ወደድ ክ ም ጠላ ህ ም እሷ እንደሆን መምጣት ዋ ኣል ይ ቀር ም ።	V 2;MASC;PRO;SG CONJ V 2;MASC;PRO;SG CONJ PRO INTJ N;V.MSDR DET NEG;PART 3;MASC;PRO;SG V PART _
እንጨት ኡ ን ቆራረጥ ኧ ው ።	እንጨት ኡ ን ቆራረጥ ኧ ው ።	N DET PART V 3;MASC;PRO;SG 3;PRO;SG _
ስሕተት ኡ የ እኔ ም የ ኣንተ ም ን ኧው ።	ስሕተት ኡ የ እኔ ም የ ኣንተ ም ን ኧው ።	N DET ADP PRO CONJ ADP PRO CONJ V 3;PRO;SG _
ልጅ ኡ ተደበቅ ኧ ።	ልጅ ኡ ተደበቅ ኧ ።	N DET PASS;V 3;MASC;PRO;SG _
ካሳ ወደ ገበያ ሄድ ኧ ።	ካሳ ወደ ገበያ ሄድ ኧ ።	PROPN ADP N V 3;MASC;PRO;SG _
መሬት ፀሐይ ን ት ዞር ኣል ኧች ።	መሬት ፀሐይ ን ት ዞር ኣል ኧች ።	N N PART 3;MASC;PRO;SG V V 3;FEM;PRO;SG _
አልማዝ ተስፋ ቆረጥ ኧች ።	አልማዝ ተስፋ ቆረጥ ኧች ።	PROPN N V 3;FEM;PRO;SG _
አመጥ ኡ ኣት ።	አመጥ ኡ ኣት ።	V 3;PL;PRO 3;FEM;PRO;SG _
ሰዎች ሰይጣን ኣል ኧ ብል ኧው ይ ኣምን ኣል ኡ ።	ሰዎች ሰይጣን ኣል ኧ ብል ኧው ይ ኣምን ኣል ኡ ።	N;PL N V 3;MASC;PRO;SG V 3;PRO;SG 3;MASC;PRO;SG V V 3;PL;PRO _
ስንዴ ው በቀል ኧ ።	ስንዴ ው በቀል ኧ ።	N DET V 3;MASC;PRO;SG _
ኣንስት ኣ ው ሄድ ኧች ።	ኣንስት ኣ ው ሄድ ኧች ።	V 3;FEM;PRO;SG 3;MASC;PRO;SG V 3;FEM;PRO;SG _
ምንም ብ ይ መጥ ኣ ኣል እ ፈራ ም ።	ምንም ብ ይ መጥ ኣ ኣል እ ፈራ ም ።	PRO CONJ 3;MASC;PRO;SG V 3;FEM;PRO;SG NEG;PART 1;PRO;SG V PART _
ካሳ አስቴር ወደ ጎንደር መሄድ ዋ ን ሰምት ኦ ኣል ።	ካሳ አስቴር ወደ ጎንደር መሄድ ዋ ን ሰምት ኦ ኣል ።	PROPN PROPN ADP N N;V.MSDR 3;FEM;PRO;SG PART V 3;MASC;PRO;SG V _
መምጣት ዋ ን ኣል ወድ ኧው ም ።	መምጣት ዋ ን ኣል ወድ ኧው ም ።	N;V.MSDR 3;FEM;PRO;SG PART NEG;PART V 3;MASC;PRO;SG PART _
ኣለ ና መለስ ኧ ል ኧት ።	ኣለ ና መለስ ኧ ል ኧት ።	V CONJ V 3;MASC;PRO;SG ADP;BEN 3;MASC;PRO;SG _
ኤዲያ ! ተመልከት ምን እንደ ኣደረግ ህ ።	ኤዲያ ! ተመልከት ምን እንደ ኣደረግ ህ ።	INTJ _ V PRO CONJ V 2;MASC;PRO;SG _
በ አገኘ ሁ ኣት ቁጥር ሰላምታ ት ሰጥ ኧኝ ኣል ኧች ።	በ አገኘ ሁ ኣት ቁጥር ሰላምታ ት ሰጥ ኧኝ ኣል ኧች ።	CONJ V 1;NEUT;PRO;SG 3;FEM;PRO;SG N N 3;FEM;PRO;SG V 1;NEUT;PRO;SG V 3;FEM;PRO;SG _
ገንዘብ ተዋጥ ኣ ።	ገንዘብ ተዋጥ ኣ ።	N PASS;V 3;FEM;PRO;SG _
እንግዶች ኡ ከ መምጣት ኣቸው በ ፊ ብ ት ለባብስ ኢ ይ ተሻል ኣል ።	እንግዶች ኡ ከ መምጣት ኣቸው በ ፊ ብ ት ለባብስ ኢ ይ ተሻል ኣል ።	N;PL DET ADP N;V.MSDR 3;PL;PRO ADP ADP CONJ 3;FEM;PRO;SG V 2;FEM;PRO;SG 3;MASC;PRO;SG PASS;V V _
ምን ቢሆን ይ ተሻል ኣል ?	ምን ቢሆን ይ ተሻል ኣል ?	PRO V 3;MASC;PRO;SG V V _
መንግስት ቀለብ ኡ ን ቀነስ ኧ ብ ኧት ።	መንግስት ቀለብ ኡ ን ቀነስ ኧ ብ ኧት ።	N N DET PART V 3;MASC;PRO;SG ADP 3;MASC;PRO;SG _
አስቴር በ መጥረጊያ ው መስኮት ጠረግ ኧች በ ት ።	አስቴር በ መጥረጊያ ው መስኮት ጠረግ ኧች በ ት ።	PROPN ADP;INS N DET N V 3;FEM;PRO;SG ADP;INS 3;FEM;PRO;SG _
ዓለሙ ከ ሄድ ኧ ተስፋዬ ም ይ ሄድ ኣል ።	ዓለሙ ከ ሄድ ኧ ተስፋዬ ም ይ ሄድ ኣል ።	PROPN CONJ V 3;MASC;PRO;SG PROPN CONJ 3;MASC;PRO;SG V V _
ከ ጨረስ ክ በኋላ እኔ ጋር እንድ ት መጣ !	ከ ጨረስ ክ በኋላ እኔ ጋር እንድ ት መጣ !	ADP V 2;MASC;PRO;SG ADP PRO ADP CONJ 2;MASC;PRO;SG IMP;V _
ይህ ን ወንዝ እንዴት እንደ የ እም ተሻገር አል እ ኣውቅ ም ።	ይህ ን ወንዝ እንዴት እንደ የ እም ተሻገር አል እ ኣውቅ ም ።	DET PART N PRO CONJ PART PART PASS;V NEG;PART 1;PRO;SG V PART _
ዐሥር~አለቃ ው በ ኣለ መታዘዝ ኡ ማዕረግ ኡ ን ተገፈፍ ኧ ።	ዐሥር~አለቃ ው በ ኣለ መታዘዝ ኡ ማዕረግ ኡ ን ተገፈፍ ኧ ።	N DET ADP NEG;PART N;V.MSDR 3;MASC;PRO;SG N DET PART PASS;V 3;MASC;PRO;SG _
ካሳ ሚስት ኡ ን ሸኝ ኧ ።	ካሳ ሚስት ኡ ን ሸኝ ኧ ።	PROPN N 3;MASC;PRO;SG PART V 3;MASC;PRO;SG _
ገንዘብ ይ ኣበድር ህ ኣል ብል ኦ የ ነገር ኧህ ማን ን ኧው ?	ገንዘብ ይ ኣበድር ህ ኣል ብል ኦ የ ነገር ኧህ ማን ን ኧው ?	N 3;MASC;PRO;SG V 2;MASC;PRO;SG V V 3;MASC;PRO;SG PART V 2;MASC;PRO;SG PRO V 3;PRO;SG _
ወደ አባት ሽ ቤት ብ ት መለስ ኢ ኣል ይ ሻል ሽ ም ን ?	ወደ አባት ሽ ቤት ብ ት መለስ ኢ ኣል ይ ሻል ሽ ም ን ?	ADP N 2;FEM;PRO;SG N CONJ 3;FEM;PRO;SG V 3;FEM;PRO;SG NEG;PART 3;MASC;PRO;SG V 2;FEM;PRO;SG PART PART _
ነገር ኡ የ ሆን ኧው ከ ስንት ጊዜ በ ፊት ነበር ?	ነገር ኡ የ ሆን ኧው ከ ስንት ጊዜ በ ፊት ነበር ?	N DET PART V 3;PRO;SG ADP ADJ N ADP N V _
አስቴር ገንዘብ የ ላክ ኧች ል ኧት ሰው ዘገይ ኧ ።	አስቴር ገንዘብ የ ላክ ኧች ል ኧት ሰው ዘገይ ኧ ።	PROPN N PART V 3;FEM;PRO;SG ADP;BEN 3;MASC;PRO;SG N V 3;MASC;PRO;SG _
ስም ህ ን እን ኣከብር ኣል ኧን ።	ስም ህ ን እን ኣከብር ኣል ኧን ።	N 2;MASC;PRO;SG PART 1;PL;PRO V V 1;PL;PRO _
አለቀስ ኧ ።	አለቀስ ኧ ።	V 3;MASC;PRO;SG _
እዚህ ከ ኣል ኣችሁ ዘንድ ይህ ን ጉዳይ ብ እን ነጋገር በ ት መልካም ን ኧው ።	እዚህ ከ ኣል ኣችሁ ዘንድ ይህ ን ጉዳይ ብ እን ነጋገር በ ት መልካም ን ኧው ።	DET CONJ V 2;PL;PRO ADP DET PART N CONJ 1;PL;PRO V ADP;INS 3;FEM;PRO;SG ADJ V 3;PRO;SG _
እስከ ነገ ብ ት ቆይ ስ ?	እስከ ነገ ብ ት ቆይ ስ ?	ADP N CONJ 3;FEM;PRO;SG V INTJ _
ከ ኣባት ኡ ጋር ለ መሄድ ኡ ማስረጃ ኣል ኧ ።	ከ ኣባት ኡ ጋር ለ መሄድ ኡ ማስረጃ ኣል ኧ ።	ADP N 3;MASC;PRO;SG ADP ADP N;V.MSDR 3;MASC;PRO;SG N V 3;MASC;PRO;SG _
አተርፍ ስ ይ ል አጐደል ኧ ።	አተርፍ ስ ይ ል አጐደል ኧ ።	V CONJ 3;MASC;PRO;SG V V 3;MASC;PRO;SG _
ምን አምጥ ኣ እንድ ኣል ኧ ኝ ኣል ሰማ ሁ ም ።	ምን አምጥ ኣ እንድ ኣል ኧ ኝ ኣል ሰማ ሁ ም ።	PRO V 3;FEM;PRO;SG ADP V 3;MASC;PRO;SG 1;PRO;SG NEG;PART V 1;PRO;SG PART _
አስቴር ብርጭቆ ሰበር ኧች ።	አስቴር ብርጭቆ ሰበር ኧች ።	PROPN N V 3;FEM;PRO;SG _
በ ኣለ ማጥናት ኡ ፈተና ው ን ወደቅ ኧ ።	በ ኣለ ማጥናት ኡ ፈተና ው ን ወደቅ ኧ ።	CONJ NEG;PART N;V.MSDR DET N DET PART V 3;MASC;PRO;SG _
በ ርግጥ ካሳ ትናንት ወደ ጎንደር ሄድ ኦ ኣል ።	በ ርግጥ ካሳ ትናንት ወደ ጎንደር ሄድ ኦ ኣል ።	ADP ADJ PROPN ADV ADP N V 3;MASC;PRO;SG V _
ካሳ ምሳ የ በላ ው ከ እናት ኡ ጋር አይደል ኧ ም ።	ካሳ ምሳ የ በላ ው ከ እናት ኡ ጋር አይደል ኧ ም ።	PROPN N ADP V 3;MASC;PRO;SG ADP N 3;MASC;PRO;SG ADP V 3;MASC;PRO;SG PART _
ልጆች ኡ ባለጌ ሆን ኡ ።	ልጆች ኡ ባለጌ ሆን ኡ ።	N DET ADJ V 3;PL;PRO _
ምን ያህል እንደ ተለወጥ ኧ ብ ት ኣይ ይ ገርም ህ ኣል ።	ምን ያህል እንደ ተለወጥ ኧ ብ ት ኣይ ይ ገርም ህ ኣል ።	PRO ADV CONJ PASS;V 3;MASC;PRO;SG CONJ 2;MASC;PRO;SG V 3;MASC;PRO;SG V 2;MASC;PRO;SG V _
ተከሳሽ ኡ ጥፋተኛ አይደል ኧሁ ም ኣል ኧ ።	ተከሳሽ ኡ ጥፋተኛ አይደል ኧሁ ም ኣል ኧ ።	N DET ADV V 1;PRO;SG PART V 3;MASC;PRO;SG _
ገበሬ ው እርሻ ው ን ይ አለሰልስ ኣል ።	ገበሬ ው እርሻ ው ን ይ አለሰልስ ኣል ።	N DET N DET PART 3;MASC;PRO;SG CAUS;V V _
አስቴር ምንም ገንዘብ የል ኣት ም ።	አስቴር ምንም ገንዘብ የል ኣት ም ።	PROPN ADJ N V 3;FEM;PRO;SG PART _
ካሳ እራስ ኡ ን ሰቀል ኧ ።	ካሳ እራስ ኡ ን ሰቀል ኧ ።	PROPN N 3;MASC;PRO;SG PART V 3;MASC;PRO;SG _
አንድ ብርጭቆ ውሃ አምጣ ኧ ል ኝ ።	አንድ ብርጭቆ ውሃ አምጣ ኧ ል ኝ ።	NUM N N CAUS;V 3;MASC;PRO;SG ADP;BEN 1;PRO;SG _
በ ይበል እየ ኣወቅ ኧ ኣት ስ ይ ሄድ ጠል ኣ ት ።	በ ይበል እየ ኣወቅ ኧ ኣት ስ ይ ሄድ ጠል ኣ ት ።	ADP ADV ADP V 3;MASC;PRO;SG 3;FEM;PRO;SG CONJ 3;MASC;PRO;SG V V 3;FEM;PRO;SG 3;MASC;PRO;SG _
በ እግር ኣችን ብ ን ሸራሸር ስ ?	በ እግር ኣችን ብ ን ሸራሸር ስ ?	ADP N 2;PL;PRO CONJ 1;MASC+FEM;PL;PRO V INTJ _
ያዝ ለቀቅ አደረግ ኧ ።	ያዝ ለቀቅ አደረግ ኧ ።	V V V 3;MASC;PRO;SG _
ከ መኪና ስለ ወደቅ ሁ ይ ኣምመ ኝ ኣል ።	ከ መኪና ስለ ወደቅ ሁ ይ ኣምመ ኝ ኣል ።	ADP N CONJ V 1;PRO;SG 3;MASC;PRO;SG V 1;PRO;SG V _
ነቅት ኣ መቆየት ኣል ቻል ኧች ም ።	ነቅት ኣ መቆየት ኣል ቻል ኧች ም ።	V 3;FEM;PRO;SG N;V.MSDR NEG;PART V 3;FEM;PRO;SG PART _
ሻንጣ ዬ ን ተሰረቅ ሁ ።	ሻንጣ ዬ ን ተሰረቅ ሁ ።	N 1;PRO;SG PART PASS;V 1;PRO;SG _
ምን በ መጣ ን ኧው ይህን ያህል የ እም ተሰደብ ኧው ?	ምን በ መጣ ን ኧው ይህን ያህል የ እም ተሰደብ ኧው ?	PRO ADP V V 3;PRO;SG DET V PART PART PASS;V 3;PRO;SG _
አል ት ግደል ኧኝ ብል ኦ ብ ይ ለምን ኧ ው ማር ኧ ው ።	አል ት ግደል ኧኝ ብል ኦ ብ ይ ለምን ኧ ው ማር ኧ ው ።	NEG;PART 3;MASC;PRO;SG V 1;PRO;SG V 3;MASC;PRO;SG CONJ 3;MASC;PRO;SG V 3;MASC;PRO;SG 3;MASC;PRO;SG V 3;MASC;PRO;SG 3;MASC;PRO;SG _
ካሳ ልብስ ይ ጠብ !	ካሳ ልብስ ይ ጠብ !	PROPN N 3;MASC;PRO;SG V _
እኔ ማ ሥራ በዝት ኦ ብ ኝ ኣል ።	እኔ ማ ሥራ በዝት ኦ ብ ኝ ኣል ።	PRO INTJ N V 3;MASC;PRO;SG ADP 1;PRO;SG V _
በር ኡ ን ከ መክፈት ኤ እሷ ን አየ ሁ ኣት ።	በር ኡ ን ከ መክፈት ኤ እሷ ን አየ ሁ ኣት ።	N DET PART ADP N;V.MSDR 1;PRO;SG PRO PART V PRO 3;FEM;PRO;SG _
ልጅ ኡ ን ኮሶ አስጠጣ ሁ ት ።	ልጅ ኡ ን ኮሶ አስጠጣ ሁ ት ።	N DET PART N CAUS;V 1;PRO;SG 3;MASC;PRO;SG _
መጽሐፍ ኡ ን መለስ ኧ ።	መጽሐፍ ኡ ን መለስ ኧ ።	N DET PART V 3;MASC;PRO;SG _
ካሳ ስለ ቀር ኧ ተቀየም ኩ ት ።	ካሳ ስለ ቀር ኧ ተቀየም ኩ ት ።	PROPN CONJ V 3;MASC;PRO;SG PASS;V 1;PRO;SG 3;FEM;PRO;SG _
ሸኝ ኧሁ ኣት ።	ሸኝ ኧሁ ኣት ።	V 1;NEUT;PRO;SG 3;FEM;PRO;SG _
ልጆች ኡ መጥት ው ቀር ኡ ።	ልጆች ኡ መጥት ው ቀር ኡ ።	N DET N;V.MSDR 3;PL;PRO V 3;PL;PRO _
ከ እዚህ የ እም ይ ብስ ጊዜ አለ ማለት ን ኧው ?	ከ እዚህ የ እም ይ ብስ ጊዜ አለ ማለት ን ኧው ?	ADP DET PART PART 3;MASC;PRO;SG V N V N V 3;PRO;SG _
በጣም ብ ወድ ሽ ም ኣል አገባ ሽ ም ።	በጣም ብ ወድ ሽ ም ኣል አገባ ሽ ም ።	ADV CONJ V 2;FEM;PRO;SG CONJ NEG;PART V 2;FEM;PRO;SG PART _
ጉዞ በ ጠዋት መሆን ኣለ ብ ኧት ።	ጉዞ በ ጠዋት መሆን ኣለ ብ ኧት ።	N ADP N N;V.MSDR V ADP 3;MASC;PRO;SG _
ምነው ብ ይ በል ኡ !	ምነው ብ ይ በል ኡ !	DET CONJ 3;MASC;PRO;SG V 3;PL;PRO _
ሥራ ው ን ል ይ ጨርስ ስ ይ ል ስሕተት መሥራት ኡ ን ተገነዘብ ኧ ።	ሥራ ው ን ል ይ ጨርስ ስ ይ ል ስሕተት መሥራት ኡ ን ተገነዘብ ኧ ።	N DET PART CONJ 3;MASC;PRO;SG V CONJ 3;MASC;PRO;SG V N N;V.MSDR DET PART PASS;V 3;MASC;PRO;SG _
ጐማ ኤ ን ምስማር በሳ ብ ኝ ።	ጐማ ኤ ን ምስማር በሳ ብ ኝ ።	N DET PART N V ADP 1;PRO;SG _
እሱ ስ ብ ይ ሆን እንዴት ለ ገንዘብ ስ ይ ል ጓደኛ ኡ ን ይ ክድ ኣል ?	እሱ ስ ብ ይ ሆን እንዴት ለ ገንዘብ ስ ይ ል ጓደኛ ኡ ን ይ ክድ ኣል ?	PRO CONJ CONJ 3;MASC;PRO;SG V PRO ADP N CONJ 3;MASC;PRO;SG V N 3;MASC;PRO;SG PART 3;MASC;PRO;SG V V _
የ ቤት ኤ ን ጣሪያ አነስ ኣሁ ት ።	የ ቤት ኤ ን ጣሪያ አነስ ኣሁ ት ።	ADP N DET PART N V 1;PRO;SG 3;FEM;PRO;SG _
ካሳ ጎበዝ ን ኧው ።	ካሳ ጎበዝ ን ኧው ።	PROPN ADJ V 3;PRO;SG _
እስከ ይ መጣ ኧ ድረስ ጠበቅ ሁ ት ።	እስከ ይ መጣ ኧ ድረስ ጠበቅ ሁ ት ።	ADP 3;MASC;PRO;SG V 3;MASC;PRO;SG ADP V 1;PRO;SG 3;MASC;PRO;SG _
መንገድ ኡ ሁለት ቀን ይ ፈጅ ኣል ።	መንገድ ኡ ሁለት ቀን ይ ፈጅ ኣል ።	N DET NUM N 3;MASC;PRO;SG V V _
ሞት ኧ ።	ሞት ኧ ።	V 3;MASC;PRO;SG _
የ ፈተና ው ቀን ተራዘም ኧ ።	የ ፈተና ው ቀን ተራዘም ኧ ።	PART N DET N PASS;V 3;MASC;PRO;SG _
መኪና ው ን አስወሰድ ኧ ።	መኪና ው ን አስወሰድ ኧ ።	N DET PART CAUS;V 3;MASC;PRO;SG _
ወተት ኡ ን ምን ይ ኣደርግ ኡ ት ኣል ?	ወተት ኡ ን ምን ይ ኣደርግ ኡ ት ኣል ?	N DET PART PRO 3;MASC;PRO;SG V 3;PL;PRO 3;MASC;PRO;SG V _
ብርትኳን ኡ በሰል ኧ ።	ብርትኳን ኡ በሰል ኧ ።	N DET V 3;MASC;PRO;SG _
እህል ኡ ን አስሸከም ኧ ።	እህል ኡ ን አስሸከም ኧ ።	N DET PART CAUS;V 3;MASC;PRO;SG _
የ ልጅ ኣቸው መፈታት ስ ይ ሰማ ቤት ኣቸው ውስጥ ደስታ ሆን ኧ ።	የ ልጅ ኣቸው መፈታት ስ ይ ሰማ ቤት ኣቸው ውስጥ ደስታ ሆን ኧ ።	ADP N 3;PL;PRO N;V.MSDR CONJ 3;MASC;PRO;SG V N 3;PL;PRO ADP N V 3;MASC;PRO;SG _
በር ኡ ን ብ ት ዘጋ ኧው !	በር ኡ ን ብ ት ዘጋ ኧው !	N DET PART CONJ 3;MASC;PRO;SG IMP;V 3;PRO;SG _
ውሃ ው ቀዘቀዝ ኧ ።	ውሃ ው ቀዘቀዝ ኧ ።	N DET V 3;MASC;PRO;SG _
አስቴር ወፍራም ሆን ኧች ።	አስቴር ወፍራም ሆን ኧች ።	PROPN ADJ V 3;FEM;PRO;SG _
አል ታዘዝ ኣለ ኝ ።	አል ታዘዝ ኣለ ኝ ።	NEG;PART V V 1;PRO;SG _
እዚያ ብቻ ህ ን ብ ኣል ት ሄድ እ ወድ ኣል ኧሁ ።	እዚያ ብቻ ህ ን ብ ኣል ት ሄድ እ ወድ ኣል ኧሁ ።	ADV ADV 2;MASC;PRO;SG PART CONJ NEG;PART 3;FEM;PRO;SG V 1;PRO;SG V V 1;PRO;SG _
ስ ይ ዘንብ አድር ኦ መሬት ኡ ረጣጥብ ኦ ኣል ።	ስ ይ ዘንብ አድር ኦ መሬት ኡ ረጣጥብ ኦ ኣል ።	CONJ 3;MASC;PRO;SG V V 3;MASC;PRO;SG N DET V 3;MASC;PRO;SG V _
ካሳ ለ ወታደሮች ገንዘብ ሰጥ ኧ ።	ካሳ ለ ወታደሮች ገንዘብ ሰጥ ኧ ።	PROPN ADP N;PL N V 3;MASC;PRO;SG _
ጀርባ ዋ ላይ መታ ሁ ኣት ።	ጀርባ ዋ ላይ መታ ሁ ኣት ።	N 3;FEM;PRO;SG ADP V 1;PRO;SG 3;FEM;PRO;SG _
ስ ኣል ይ ጨልም ብ ት መለስ ይ ተሻል ኣል ፤ ኣል እዚያ ት ጠፍ ኣል ኧህ ።	ስ ኣል ይ ጨልም ብ ት መለስ ይ ተሻል ኣል ፤ ኣል እዚያ ት ጠፍ ኣል ኧህ ።	CONJ NEG;PART 3;MASC;PRO;SG V CONJ 3;FEM;PRO;SG V 3;MASC;PRO;SG V V _ NEG;PART ADV 3;FEM;PRO;SG V V 2;MASC;PRO;SG _
እዚህ አገር የ ኣል ተደሰት ኡ የት ም አል ይ ተደሰት ኡ ።	እዚህ አገር የ ኣል ተደሰት ኡ የት ም አል ይ ተደሰት ኡ ።	DET N PART NEG;PART PASS;V 3;PL;PRO PRO CONJ NEG;PART 3;MASC;PRO;SG V 3;PL;PRO _
አስቴር የ ሄድ ኧች በ ት ምክንያት ምንድ ን ን ኧው ?	አስቴር የ ሄድ ኧች በ ት ምክንያት ምንድ ን ን ኧው ?	PROPN PART V 3;FEM;PRO;SG ADP;BEN 3;MASC;PRO;SG N PRO PART V 3;PRO;SG _
ዳኛ ው ን ፈርት ኦ ስ ኣል ይ መጣ ኧ ቀር ኧ ።	ዳኛ ው ን ፈርት ኦ ስ ኣል ይ መጣ ኧ ቀር ኧ ።	N DET PART V;V.CVB 3;MASC;PRO;SG CONJ NEG;PART 3;MASC;PRO;SG V 3;MASC;PRO;SG V 3;MASC;PRO;SG _
ያለ ፓስፖርት ወደ ውጭ አገር መጓዝ ኣል ይ ተቻል ም ።	ያለ ፓስፖርት ወደ ውጭ አገር መጓዝ ኣል ይ ተቻል ም ።	NEG;PART N ADP ADJ N N;V.MSDR NEG;PART 3;MASC;PRO;SG V PART _
እንጀራ ት ጋግር !	እንጀራ ት ጋግር !	N 3;FEM;PRO;SG V _
አስተማሪ ን ኧው ።	አስተማሪ ን ኧው ።	N V MASC;PRO;SG _
ነገ የ ራስ ኤ ቤት ይ ኖር ኧኝ ኣል ።	ነገ የ ራስ ኤ ቤት ይ ኖር ኧኝ ኣል ።	ADV ADP N 1;PRO;SG N 3;MASC;PRO;SG V 1;PRO;SG V _
አልማዝ ሴት~ተማሪ ዋ ን አይ ኧች ኣት ።	አልማዝ ሴት~ተማሪ ዋ ን አይ ኧች ኣት ።	PROPN N 3;FEM;PRO;SG PART V 3;FEM;PRO;SG 3;FEM;PRO;SG _
ካሳ የ ሽጥ ኧ ው የ ብራና መፅሀፍ ትልቅ ን ኧው ።	ካሳ የ ሽጥ ኧ ው የ ብራና መፅሀፍ ትልቅ ን ኧው ።	PROPN PART V 3;MASC;PRO;SG 3;MASC;PRO;SG ADP N N ADJ V 3;PRO;SG _
ካሳ መጣ ኧ እንዴ ?	ካሳ መጣ ኧ እንዴ ?	PROPN V 3;MASC;PRO;SG INTJ _
ገንዘብ ኡ ጠፍ ኣ ብ ኧት ።	ገንዘብ ኡ ጠፍ ኣ ብ ኧት ።	N 3;MASC;PRO;SG V 3;FEM;PRO;SG ADP 3;MASC;PRO;SG _
የ እም ይ መጥ ኣ ው ን ት ኣውቅ ኣል ኧች ።	የ እም ይ መጥ ኣ ው ን ት ኣውቅ ኣል ኧች ።	PART PART 3;MASC;PRO;SG V;V.MSDR 3;FEM;PRO;SG DET PART 3;FEM;PRO;SG V V 3;FEM;PRO;SG _
ወንድም ህ የት ን ኧው ብል ኤ ብ ጠይቅ ኧ ው አል ኣውቅ ም ብል ኦ መልስ ል ኝ ።	ወንድም ህ የት ን ኧው ብል ኤ ብ ጠይቅ ኧ ው አል ኣውቅ ም ብል ኦ መልስ ል ኝ ።	N 2;MASC;PRO;SG PRO V 3;PRO;SG V 1;PRO;SG CONJ V 3;MASC;PRO;SG 3;MASC;PRO;SG NEG;PART V PART V;V.CVB 3;MASC;PRO;SG V ADP 1;PRO;SG _
ፈተና ው ን በ ማለፍ ህ እንኳን ደስ የ ኣለ ህ !	ፈተና ው ን በ ማለፍ ህ እንኳን ደስ የ ኣለ ህ !	N DET PART ADP V;V.MSDR 2;MASC;PRO;SG INTJ V ADP V 2;MASC;PRO;SG _
ከፊት ኤ ጥፍት ኣል ኧች ።	ከፊት ኤ ጥፍት ኣል ኧች ።	N 1;PRO;SG V V 3;FEM;PRO;SG _
ከ ሱቅ ሱቅ ስ ይ ዞር አስመሽ ኧ ኝ ።	ከ ሱቅ ሱቅ ስ ይ ዞር አስመሽ ኧ ኝ ።	ADP;AT+ABL N N CONJ 3;MASC;PRO;SG V CAUS;V 3;MASC;PRO;SG 1;PRO;SG _
ካሳ ተናደድ ኧ ።	ካሳ ተናደድ ኧ ።	PROPN PASS;V 3;MASC;PRO;SG _
እህል ኡ ን አስሸከም ኧ ።	እህል ኡ ን አስሸከም ኧ ።	N DET PART CAUS;V 3;MASC;PRO;SG _
የ ልጅ ኡ ን ቁስል ሐኪም ኡ አዳን ኧ ው ።	የ ልጅ ኡ ን ቁስል ሐኪም ኡ አዳን ኧ ው ።	ADP N DET PART N N DET V 3;MASC;PRO;SG 3;MASC;PRO;SG _
ቡና ው ተወቅጥ ኦ ኣል ።	ቡና ው ተወቅጥ ኦ ኣል ።	N DET PASS;V 3;MASC;PRO;SG V _
አስቴር በ መጥረጊያ ው ቤት ኡ ን ጠረግ ኧች በ ት ።	አስቴር በ መጥረጊያ ው ቤት ኡ ን ጠረግ ኧች በ ት ።	PROPN ADP N DET N DET PART V 3;FEM;PRO;SG ADP 3;MASC;PRO;SG _
እሱ በ ኣለ በ ት ብድር ኡ ን እ ከፍል ኧው ኣል ኧሁ ።	እሱ በ ኣለ በ ት ብድር ኡ ን እ ከፍል ኧው ኣል ኧሁ ።	PRO ADP V ADP;ESS 3;FEM;PRO;SG N 3;MASC;PRO;SG PART 1;PRO;SG V 3;MASC;PRO;SG V 1;PRO;SG _
ተከሳሽ ኡ ሰው ጥፋተኛ ነ ህ ተብል ኦ ተፈረድ ኧ ብ ኧት ።	ተከሳሽ ኡ ሰው ጥፋተኛ ነ ህ ተብል ኦ ተፈረድ ኧ ብ ኧት ።	N DET N ADJ V 2;MASC;PRO;SG V 3;MASC;PRO;SG PASS;V 3;MASC;PRO;SG ADP 3;MASC;PRO;SG _
አልማዝ ክብደት ቀነስ ኧች ።	አልማዝ ክብደት ቀነስ ኧች ።	PROPN N V 3;FEM;PRO;SG _
ልጅ ኡ በር ላይ ቆም ኧ ።	ልጅ ኡ በር ላይ ቆም ኧ ።	N DET N ADP V 3;MASC;PRO;SG _
እስከ ኣሁን ማወቅ የ ኣል ቻል ኩ ት ማን እንደ ወሰድ ኧ ው ን ኧው ።	እስከ ኣሁን ማወቅ የ ኣል ቻል ኩ ት ማን እንደ ወሰድ ኧ ው ን ኧው ።	ADP N N;V.MSDR PART NEG;PART V 1;PRO;SG 3;MASC;PRO;SG PRO CONJ V 3;MASC;PRO;SG 3;MASC;PRO;SG V 3;PRO;SG _
ቤት ኡ ን አስተጠበቅ ኧ ።	ቤት ኡ ን አስተጠበቅ ኧ ።	N DET PART CAUS;V 3;MASC;PRO;SG _
ይህ ን ቲያትር በ መለማመድ ላይ ን ኧን ።	ይህ ን ቲያትር በ መለማመድ ላይ ን ኧን ።	DET PART N ADP N;V.MSDR ADP V 1;PL;PRO _
ጩኸት ኡ ኣል ይ ኣስተኛ ኧ ኝ ም ።	ጩኸት ኡ ኣል ይ ኣስተኛ ኧ ኝ ም ።	N DET NEG;PART 3;MASC;PRO;SG CAUS;V 3;MASC;PRO;SG 1;PRO;SG PART _
ማንም ኣል መጣ ኧ ም ።	ማንም ኣል መጣ ኧ ም ።	PRO NEG;PART V 3;MASC;PRO;SG PART _
ካሳ ሰራተኛ ዋ ን ወደ ጎጃም አስወሰድ ኧ ኣት ።	ካሳ ሰራተኛ ዋ ን ወደ ጎጃም አስወሰድ ኧ ኣት ።	PROPN N 3;FEM;PRO;SG PART ADP;ESS PROPN CAUS;V 3;MASC;PRO;SG 3;FEM;PRO;SG _
ቆንጆ ዋ ልጅ የ እኔ ን ኣት ።	ቆንጆ ዋ ልጅ የ እኔ ን ኣት ።	ADJ DET N ADP PRO V 3;FEM;PRO;SG _
የትኛ ው ልጅ መጣ ኧ ?	የትኛ ው ልጅ መጣ ኧ ?	PRO DET N V 3;MASC;PRO;SG _
እጅ ዋ ን ታጠብ ኧች ።	እጅ ዋ ን ታጠብ ኧች ።	N 3;FEM;PRO;SG PART PASS;V 3;FEM;PRO;SG _
ቀጭን ኡ የ ሸረሪት ድር ተበጣጠስ ኧ ።	ቀጭን ኡ የ ሸረሪት ድር ተበጣጠስ ኧ ።	ADJ DET ADP N N PASS;V 3;MASC;PRO;SG _
ሰዎች ኡ ዕንጨት ሰበሰብ ኡ ።	ሰዎች ኡ ዕንጨት ሰበሰብ ኡ ።	N;PL DET N V 3;PL;PRO _
ካሳ ምክር ኤ ን ኣል ቀበል ኣል ኧ ።	ካሳ ምክር ኤ ን ኣል ቀበል ኣል ኧ ።	PROPN N 1;PRO;SG PART NEG;PART V V 3;MASC;PRO;SG _
ብርድ ይ ተሰማ ኝ ኣል ።	ብርድ ይ ተሰማ ኝ ኣል ።	N 3;MASC;PRO;SG PASS;V 1;PRO;SG V _
ካሳ ያለ ገብስ ጠላ ኣል ይ ጠጣ ም ።	ካሳ ያለ ገብስ ጠላ ኣል ይ ጠጣ ም ።	PROPN NEG;PART N N NEG;PART 3;MASC;PRO;SG V PART _
ይህን ያህል ብ ኣል ይ ሰራ ይ ተሻለ ው ነበር ።	ይህን ያህል ብ ኣል ይ ሰራ ይ ተሻለ ው ነበር ።	DET N CONJ NEG;PART 3;MASC;PRO;SG V 3;MASC;PRO;SG PASS;V 3;MASC;PRO;SG V _
መጽሐፍ ኡ ን ስ ኣል ይ ጠይቅ ከ መውሰድ ኡ በቀር ምን ኣደረግ ኧ ሽ ?	መጽሐፍ ኡ ን ስ ኣል ይ ጠይቅ ከ መውሰድ ኡ በቀር ምን ኣደረግ ኧ ሽ ?	N DET PART CONJ NEG;PART 3;MASC;PRO;SG V ADP N;V.MSDR 3;MASC;PRO;SG ADP PRO V 3;MASC;PRO;SG 2;FEM;PRO;SG _
መጽሐፍ ኡ ን ጻፍ ኢ ኣ ።	መጽሐፍ ኡ ን ጻፍ ኢ ኣ ።	N DET PART V 2;FEM;PRO;SG INTJ _
አባት ኤ የ ሞት ኧ ው በ ድንገት ን ኧው ።	አባት ኤ የ ሞት ኧ ው በ ድንገት ን ኧው ።	N 3;MASC;PRO;SG PART V 3;MASC;PRO;SG DET ADP ADV V 3;PRO;SG _
ተናጋሪ ው ንግግር ኡ ን ቶሎ ብ ይ ጨርስ ጥሩ ነበር ።	ተናጋሪ ው ንግግር ኡ ን ቶሎ ብ ይ ጨርስ ጥሩ ነበር ።	N DET N 3;MASC;PRO;SG PART ADV CONJ 3;MASC;PRO;SG V ADJ V _
አልማዝ ልጅ ዋ ን ተንከባከብ ኧች ።	አልማዝ ልጅ ዋ ን ተንከባከብ ኧች ።	PROPN N 3;FEM;PRO;SG PART RECP;V 3;FEM;PRO;SG _
ልጅ ኣቸው በ ጦርነት ላይ መሞት ኡ ን ተረድ ኡ ።	ልጅ ኣቸው በ ጦርነት ላይ መሞት ኡ ን ተረድ ኡ ።	N 3;PL;PRO ADP N ADP N;V.MSDR 3;MASC;PRO;SG PART PASS;V 3;PL;PRO _
ገንዘብ ኡ ን ማን እነደ ሰጥ ኣት ንገር ኧ ን ?	ገንዘብ ኡ ን ማን እነደ ሰጥ ኣት ንገር ኧ ን ?	N DET PART PRO ADP V 3;FEM;PRO;SG V 3;MASC;PRO;SG 1;PL;PRO _
የ አባት ኤ በ ሰላም መመለስ መልካም ን ኧው ።	የ አባት ኤ በ ሰላም መመለስ መልካም ን ኧው ።	ADP N 1;PRO;SG ADP N N;V.MSDR ADJ V 3;PRO;SG _
ለ ምን እንደ ሆን ኧ እንጃ ብ ኣየ ሁ ት ቁጥር ቱግ እ ል ኣል ኧሁ ።	ለ ምን እንደ ሆን ኧ እንጃ ብ ኣየ ሁ ት ቁጥር ቱግ እ ል ኣል ኧሁ ።	ADP PRO CONJ V 3;MASC;PRO;SG V CONJ V 1;PRO;SG 3;MASC;PRO;SG N V 1;PRO;SG V V 1;PRO;SG _
የ እም እ ጠላ ው ጠላ መጠጣት ዋን ን ኧው ።	የ እም እ ጠላ ው ጠላ መጠጣት ዋን ን ኧው ።	PART PART 1;PRO;SG V 1;PRO;SG N N DET V 3;PRO;SG _
ምን ይ ደረግ መቼ ስ ?	ምን ይ ደረግ መቼ ስ ?	PRO 3;MASC;PRO;SG V PRO INTJ _
ድንጋይ ኡ ለስላሳ ን ኧው ።	ድንጋይ ኡ ለስላሳ ን ኧው ።	N DET ADJ V 3;PRO;SG _
ዓለሙ ከ ኣል ሄድ ኧ ተስፋዬ ም ኣል ይ ሄድ ም ።	ዓለሙ ከ ኣል ሄድ ኧ ተስፋዬ ም ኣል ይ ሄድ ም ።	PROPN CONJ NEG;PART V 3;MASC;PRO;SG PROPN ADV NEG;PART 3;MASC;PRO;SG V PART _
ዳቦ በልት ኧን ወተት ጠጥት ኧን ጠግብ ኧን ተጓዝ ን ።	ዳቦ በልት ኧን ወተት ጠጥት ኧን ጠግብ ኧን ተጓዝ ን ።	N V 1;PL;PRO N V 1;PL;PRO V 1;PL;PRO PASS;V 1;PL;PRO _
ተፈላጊ ው የት ኣል ኧ ?	ተፈላጊ ው የት ኣል ኧ ?	N DET PRO V 3;MASC;PRO;SG _
ደግ ሰው ን ኧው ይ ባል ኣል ።	ደግ ሰው ን ኧው ይ ባል ኣል ።	ADJ N V 3;PRO;SG 3;MASC;PRO;SG V V _
አንተ ከ ኣል መጣ ኧህ እርሱ ም ኣል ይ መጣ ም ።	አንተ ከ ኣል መጣ ኧህ እርሱ ም ኣል ይ መጣ ም ።	PRO ADP NEG;PART V 2;MASC;PRO;SG PRO CONJ NEG;PART 3;MASC;PRO;SG V PART _
መታመም ኡ ን እንደ ነገር ኧ ኝ መጣ ሁ ።	መታመም ኡ ን እንደ ነገር ኧ ኝ መጣ ሁ ።	N;V.MSDR 3;MASC;PRO;SG PART ADP V 3;MASC;PRO;SG 1;PRO;SG V 1;PRO;SG _
መንገድ ኡ ን አጠር ን ብ ኧት ።	መንገድ ኡ ን አጠር ን ብ ኧት ።	N DET PART V 1;NEUT;PL;PRO ADP 3;MASC;PRO;SG _
እንግዲያ ስ እ መጣ ኣል ኧሁ ።	እንግዲያ ስ እ መጣ ኣል ኧሁ ።	PRO INTJ 1;PRO;SG V V 1;PRO;SG _
ካሳ ረዥም ይ መስል ኣል ።	ካሳ ረዥም ይ መስል ኣል ።	PROPN ADJ 3;MASC;PRO;SG V V _
አስተማሪ ው ሦስት ልጆች አለ ኡ ት ።	አስተማሪ ው ሦስት ልጆች አለ ኡ ት ።	N DET NUM N;PL V 3;PL;PRO 3;MASC;PRO;SG _
ጠንክር ኦ ይ ማር እንደ ሆን ኧ ወደ አሜሪካ እ ልክ ኧው ኣል ኧሁ ።	ጠንክር ኦ ይ ማር እንደ ሆን ኧ ወደ አሜሪካ እ ልክ ኧው ኣል ኧሁ ።	ADV 3;MASC;PRO;SG 3;MASC;PRO;SG V CONJ V 3;MASC;PRO;SG ADP N 1;PRO;SG V 3;PRO;SG V 1;PRO;SG _
ከ መሄድ ይልቅ ብ ቆይ ይ ተሻል ኣል ።	ከ መሄድ ይልቅ ብ ቆይ ይ ተሻል ኣል ።	ADP N;V.MSDR ADV CONJ V 3;MASC;PRO;SG PASS;V V _
መጽሐፍ ኡ ን አስያዝ ኧ ኣት ።	መጽሐፍ ኡ ን አስያዝ ኧ ኣት ።	N DET PART CAUS;V 3;MASC;PRO;SG 3;FEM;PRO;SG _
ጠጅ አስቀመስ ኩ ት ።	ጠጅ አስቀመስ ኩ ት ።	N CAUS;V 1;PRO;SG 3;MASC;PRO;SG _
ሂድ ኣ !	ሂድ ኣ !	V INTJ _
ብርጭቆ ስ ይ አጥብ ይ አጋጭ ኣል ።	ብርጭቆ ስ ይ አጥብ ይ አጋጭ ኣል ።	N CONJ 3;MASC;PRO;SG V 3;MASC;PRO;SG CAUS;V V _
ዘንብ ኦ ቀር ኧን ።	ዘንብ ኦ ቀር ኧን ።	V;V.CVB 3;MASC;PRO;SG V 1;PL;PRO _
እዚያ ብ እ ሆን እ መኝ ኣል ኧ_ሁ ።	እዚያ ብ እ ሆን እ መኝ ኣል ኧ_ሁ ።	DET CONJ 1;PRO;SG V 1;PRO;SG V V 1;PRO;SG _
የትም ብ ት ሆን ለ እኔ ደብዳቤ መጻፍ ኣል ት ርሳ ።	የትም ብ ት ሆን ለ እኔ ደብዳቤ መጻፍ ኣል ት ርሳ ።	PRO CONJ 3;FEM;PRO;SG V ADP PRO N N;V.MSDR NEG;PART 3;FEM;PRO;SG V _
ልብስ ኡ ን አስቆረጥ ኧ ።	ልብስ ኡ ን አስቆረጥ ኧ ።	N DET PART CAUS;V 3;MASC;PRO;SG _
ነገ ገንዘብ አገኝ ኣል ኧሁ ።	ነገ ገንዘብ አገኝ ኣል ኧሁ ።	ADV N V V 1;NEUT;PRO;SG _
እናት ህ ጸጉር ህ ን አበጠር ኧች ል ህ ?	እናት ህ ጸጉር ህ ን አበጠር ኧች ል ህ ?	N 2;MASC;PRO;SG N 2;MASC;PRO;SG PART CAUS;V 3;FEM;PRO;SG ADP;BEN 2;MASC;PRO;SG _
ሕፃን መምታት የ ጭካኔ ድርጊት ን ኧው ።	ሕፃን መምታት የ ጭካኔ ድርጊት ን ኧው ።	N N;V.MSDR PART N N V 3;PRO;SG _
በ ኣንዳንድ ባህል መለኵሴዎች በ ድንግልና እን ኖር ኣል ኧን ብል ኧው መማል ኣል ኧ ብ ኣቸው ።	በ ኣንዳንድ ባህል መለኵሴዎች በ ድንግልና እን ኖር ኣል ኧን ብል ኧው መማል ኣል ኧ ብ ኣቸው ።	ADP NUM N N;PL ADP N 1;PL;PRO V V 1;PL;PRO V 3;PRO;SG N;V.MSDR V 3;MASC;PRO;SG ADP 3;NEUT;PL;PRO _
ልጅ ኡ ን ቤት ኡ ን አሳይ ኧ ው ።	ልጅ ኡ ን ቤት ኡ ን አሳይ ኧ ው ።	N DET PART N DET PART V 3;MASC;PRO;SG 3;MASC;PRO;SG _
በ ሄድ ኧ በ ት ሁሉ ልጆች ኡ ን ይዝ ኦ ይ ሄድ ኣል ።	በ ሄድ ኧ በ ት ሁሉ ልጆች ኡ ን ይዝ ኦ ይ ሄድ ኣል ።	PART V 3;MASC;PRO;SG ADP;ESS 3;FEM;PRO;SG ADJ N;PL DET PART V;V.CVB 3;MASC;PRO;SG 3;MASC;PRO;SG V V _
እኔ ል ሠራ ው ከ ቻል ኩ አንተ ም ት ችል ኣል ኧህ ።	እኔ ል ሠራ ው ከ ቻል ኩ አንተ ም ት ችል ኣል ኧህ ።	PRO 1;PRO;SG V 3;MASC;PRO;SG CONJ V 1;PRO;SG PRO CONJ 2;MASC;PRO;SG V V 2;MASC;PRO;SG _
ወረቀት ኡ በ ቀላል ኡ ተቀዳጅ ን ኧው ።	ወረቀት ኡ በ ቀላል ኡ ተቀዳጅ ን ኧው ።	N DET ADP ADJ DET N;V.MSDR V 3;PRO;SG _
ልጆች ኡ ዛፍ ላይ ወጥ ኡ ።	ልጆች ኡ ዛፍ ላይ ወጥ ኡ ።	N DET N ADP V 3;PL;PRO _
ሩጫ ጥንካሬ ን ሰጥ ኧ ኣት ።	ሩጫ ጥንካሬ ን ሰጥ ኧ ኣት ።	N N PART V 3;MASC;PRO;SG 3;FEM;PRO;SG _
አልማዝ እንቅልፍ ወሰድ ኧ ኣት ።	አልማዝ እንቅልፍ ወሰድ ኧ ኣት ።	PROPN N V 3;MASC;PRO;SG 3;FEM;PRO;SG _
ፈተና ለ ማለፍ በርትት ኦ ማጥናት ።	ፈተና ለ ማለፍ በርትት ኦ ማጥናት ።	N ADP N;V.MSDR V 3;MASC;PRO;SG N;V.MSDR _
በ ዛሬ ጊዜ ገንዘብ ለ ማግኘት ስ ይ ተባል እስከ መግደል ም ይ ደረስ ኣል ።	በ ዛሬ ጊዜ ገንዘብ ለ ማግኘት ስ ይ ተባል እስከ መግደል ም ይ ደረስ ኣል ።	ADP N N N ADP N;V.MSDR CONJ 3;MASC;PRO;SG V ADP N;V.MSDR CONJ 3;MASC;PRO;SG V V _
ወደ አገር ቤት በ ሄድ ኩ ጊዜ ማን ን ም ኣል ጠየቅ ኩ ም ።	ወደ አገር ቤት በ ሄድ ኩ ጊዜ ማን ን ም ኣል ጠየቅ ኩ ም ።	ADP N N CONJ V 1;PRO;SG N PRO PART CONJ NEG;PART V 1;PRO;SG PART _
ከ ተያዝ ኧ በኋላ ታስር ኦ ፣ ተለቀቅ ኧ ።	ከ ተያዝ ኧ በኋላ ታስር ኦ ፣ ተለቀቅ ኧ ።	ADP PASS;V 3;MASC;PRO;SG ADP PASS;V;V.CVB 3;MASC;PRO;SG _ PASS;V 3;MASC;PRO;SG _
አስቴር ወፈር ኧች ።	አስቴር ወፈር ኧች ።	PROPN V 3;FEM;PRO;SG _
መኪና ነጂዎች ሆስፒታል ጋ ጥሩምባ ማሰማት የል ኧ ብ ኣቸው ም ።	መኪና ነጂዎች ሆስፒታል ጋ ጥሩምባ ማሰማት የል ኧ ብ ኣቸው ም ።	N N;PL N ADP N N;V.MSDR V 3;MASC;PRO;SG ADP 3;PL;PRO PART _
አል ታዘዘ ኝ ኣል ኧ ።	አል ታዘዘ ኝ ኣል ኧ ።	NEG;PART V 1;PRO;SG V 3;MASC;PRO;SG _
ገንዘብ ተበደር ኧ ።	ገንዘብ ተበደር ኧ ።	N PASS;V 3;MASC;PRO;SG _
ፖሊሱ ጥይት ተኮስ ኧ ።	ፖሊሱ ጥይት ተኮስ ኧ ።	N N V 3;MASC;PRO;SG _
ልብስ ት ጠብ !	ልብስ ት ጠብ !	N 3;FEM;PRO;SG V _
መቶዎች ኡ ም በጎች ተሸጥ ኡ ።	መቶዎች ኡ ም በጎች ተሸጥ ኡ ።	NUM;PL DET CONJ N;PL PASS;V 3;PL;PRO _
ፈረስ ኡ ን ከ ኣል ኡ በ ት ዘንድ ወሰድ ኩ ት ።	ፈረስ ኡ ን ከ ኣል ኡ በ ት ዘንድ ወሰድ ኩ ት ።	N DET PART ADP V 3;PL;PRO ADP;ESS 3;FEM;PRO;SG ADP V 1;PRO;SG 3;MASC;PRO;SG _
የ ታመም ኧ ጓደኛ ኣችን ን ል እን ጠይቅ ሄድ ኧን ነበር ።	የ ታመም ኧ ጓደኛ ኣችን ን ል እን ጠይቅ ሄድ ኧን ነበር ።	ADP V 3;MASC;PRO;SG N 1;PL;PRO PART CONJ 1;PL;PRO V V 1;PL;PRO V _
ገንዘብ ይ ስጥ ኧ ኝ እንጂ የ ፈለግ ኧ ው ን እ ገዝ ኣል ኧት ኣል ኧሁ ።	ገንዘብ ይ ስጥ ኧ ኝ እንጂ የ ፈለግ ኧ ው ን እ ገዝ ኣል ኧት ኣል ኧሁ ።	N 3;MASC;PRO;SG V 1;PRO;SG 1;NEUT;PRO;SG INTJ ADP V 3;MASC;PRO;SG 3;MASC;PRO;SG PART 1;PRO;SG V V 3;MASC;PRO;SG V 1;PRO;SG _
ብዙ በ መሮጥ ኤ እግር ኤ ን አመመ ኝ ።	ብዙ በ መሮጥ ኤ እግር ኤ ን አመመ ኝ ።	ADV CONJ N;V.MSDR 1;PRO;SG N 1;PRO;SG PART V 1;NEUT;PRO;SG _
አስተማሪ ው ስራ ይ ጠላ ኣል ።	አስተማሪ ው ስራ ይ ጠላ ኣል ።	N DET N 3;MASC;PRO;SG V V _
ሰው ተሰባሪ ን ኧው ።	ሰው ተሰባሪ ን ኧው ።	N N V 3;PRO;SG _
ነገ ብ ት መጥ ኣ እ ወድ ኣል ኧሁ ።	ነገ ብ ት መጥ ኣ እ ወድ ኣል ኧሁ ።	ADV CONJ 3;FEM;PRO;SG V 3;FEM;PRO;SG 1;PRO;SG V V 1;MASC+FEM;PRO;SG _
ብርድ ይ ተሰማ ኝ ኣል ።	ብርድ ይ ተሰማ ኝ ኣል ።	N 3;MASC;PRO;SG PASS;V 1;PRO;SG V _
አልማዝ ን አመም ኧ ኣት ።	አልማዝ ን አመም ኧ ኣት ።	PROPN PART V 3;MASC;PRO;SG 3;FEM;PRO;SG _
ፈተና ው ን የ ኣለፍ ኧ ው እንደ ሕልም ን ኧው ።	ፈተና ው ን የ ኣለፍ ኧ ው እንደ ሕልም ን ኧው ።	N DET PART PART V 3;MASC;PRO;SG DET ADP N V 3;PRO;SG _
ብ እ ኣስፈራራ ኧው ም ትእዛዝ ኤ ን መጣስ ኡ ን ጠል ኧ ።	ብ እ ኣስፈራራ ኧው ም ትእዛዝ ኤ ን መጣስ ኡ ን ጠል ኧ ።	CONJ 1;PRO;SG V 3;MASC;PRO;SG CONJ N 1;PRO;SG PART N;V.MSDR 3;MASC;PRO;SG PART V 3;MASC;PRO;SG _
በሽተኛ ው ን ልጅ ወደ ሆስፒታል አስወሰድ ኧ ው ።	በሽተኛ ው ን ልጅ ወደ ሆስፒታል አስወሰድ ኧ ው ።	ADJ DET PART N ADP N CAUS;V 3;MASC;PRO;SG 3;MASC;PRO;SG _
ቁመት ኤ 1.85 ን ኧው ።	ቁመት ኤ 1.85 ን ኧው ።	N 1;PRO;SG NUM V 3;PRO;SG _
ደነገጥ ኧች ።	ደነገጥ ኧች ።	V 3;FEM;PRO;SG _
ካሳ የ ገባ ኧ በ ት ቤት ጠባብ ን ኧው ።	ካሳ የ ገባ ኧ በ ት ቤት ጠባብ ን ኧው ።	PROPN PART V 3;MASC;PRO;SG ADP;ESS 3;FEM;PRO;SG N ADJ V 3;PRO;SG _
ካሳ እጅ ኡ ን ታጠብ ኧ ።	ካሳ እጅ ኡ ን ታጠብ ኧ ።	PROPN N DET PART PASS;V 3;MASC;PRO;SG _
ምን ብል ኤ ል መልስ ል ኣቸው ?	ምን ብል ኤ ል መልስ ል ኣቸው ?	PRO V 1;PRO;SG 1;PRO;SG V ADP;BEN 3;NEUT;PL;PRO _
ካሳ ትናንት ሁለት በጎች ገዝ ኣ ።	ካሳ ትናንት ሁለት በጎች ገዝ ኣ ።	PROPN ADV NUM N;PL V 3;FEM;PRO;SG _
ካሳ በ ርግጥ በ መኪና ወደ ትምህርት ቤት ይ ሄድ ኣል ።	ካሳ በ ርግጥ በ መኪና ወደ ትምህርት ቤት ይ ሄድ ኣል ።	PROPN ADP N ADP;INS N ADP;ESS N N 3;MASC;PRO;SG V V _
ይህ ሕመም ምነው በ ለቀቀ ኝ ።	ይህ ሕመም ምነው በ ለቀቀ ኝ ።	DET N PROPN ADP V 1;MASC+FEM;PRO;SG _
መጽሐፍ ኡ ን አስያዝ ኧ ኝ ።	መጽሐፍ ኡ ን አስያዝ ኧ ኝ ።	N 3;MASC;PRO;SG PART CAUS;V 3;MASC;PRO;SG 1;NEUT;PRO;SG _
ድመት ኡ ዛፍ ላይ ያለ መሰለ ኝ ።	ድመት ኡ ዛፍ ላይ ያለ መሰለ ኝ ።	N DET N ADP V V 1;PRO;SG _
ልጅ ኡ ን ማገዶ አምጣ ኧ ብለ ው ት ወደ ዱር ለ መሄድ አል ደፍር ኣል ኧ ።	ልጅ ኡ ን ማገዶ አምጣ ኧ ብለ ው ት ወደ ዱር ለ መሄድ አል ደፍር ኣል ኧ ።	N DET PART N V 3;MASC;PRO;SG V 3;MASC;PRO;SG 3;FEM;PRO;SG ADP N ADP N;V.MSDR NEG;PART V V 3;MASC;PRO;SG _
አቶ ካሳ ምንም ችግኝ አል ተከል ኧ ም ።	አቶ ካሳ ምንም ችግኝ አል ተከል ኧ ም ።	ADJ PROPN ADJ N NEG;PART V 3;MASC;PRO;SG PART _
ዐሥር ብር ጐደለ ኝ ።	ዐሥር ብር ጐደለ ኝ ።	NUM N V 1;PRO;SG _
መኝታ ቤት ሂድ ና ኮት ኤ ን አምጣ ኧ ል ኝ !	መኝታ ቤት ሂድ ና ኮት ኤ ን አምጣ ኧ ል ኝ !	N N V CONJ N DET PART V 3;MASC;PRO;SG ADP;BEN 1;NEUT;PRO;SG _
መጽሐፍ ኡ ን ተዋስ ኧ ።	መጽሐፍ ኡ ን ተዋስ ኧ ።	N DET PART PASS;V 3;MASC;PRO;SG _
በ ሄድ ኧ በ ት ሁሉ እቃ ይ ገዛ ኣል ።	በ ሄድ ኧ በ ት ሁሉ እቃ ይ ገዛ ኣል ።	ADP V 3;MASC;PRO;SG ADP 3;MASC;PRO;SG ADP N 3;MASC;PRO;SG V V _
እንጀራ ው ን ምን አረግ ሽ ው ? በላ ሁ ት ኣ ።	እንጀራ ው ን ምን አረግ ሽ ው ? በላ ሁ ት ኣ ።	N DET PART PRO V 2;FEM;PRO;SG 3;MASC;PRO;SG _ V 1;PRO;SG 3;MASC;PRO;SG INTJ _
የ አባት ኡ መምጣት ካሳ ን ገረም ኧ ው ።	የ አባት ኡ መምጣት ካሳ ን ገረም ኧ ው ።	ADP N 3;MASC;PRO;SG N;V.MSDR PROPN PART V 3;MASC;PRO;SG 3;MASC;PRO;SG _
ቤት ኡ ን ጠርግ ኧሽ ልብስ ኡ ን አጥብ ኧሽ ወጥ ሥር ኢ ።	ቤት ኡ ን ጠርግ ኧሽ ልብስ ኡ ን አጥብ ኧሽ ወጥ ሥር ኢ ።	N DET PART V 2;FEM;PRO;SG N DET PART V 2;FEM;PRO;SG N V 2;FEM;PRO;SG _
ምናልባት ኣል መጣ ኧ ም ስላል ኧ አል ጠበቅ ሁ ት ም ።	ምናልባት ኣል መጣ ኧ ም ስላል ኧ አል ጠበቅ ሁ ት ም ።	INTJ NEG;PART V 3;MASC;PRO;SG PART V 3;MASC;PRO;SG NEG;PART V 1;PRO;SG 3;MASC;PRO;SG PART _
ይህ ን ሥራ የ እም እ ሰራ ው አንተ ን ለ ማስደሰት ይ ኣህል ን ኧው ።	ይህ ን ሥራ የ እም እ ሰራ ው አንተ ን ለ ማስደሰት ይ ኣህል ን ኧው ።	DET PART N PART PART 1;PRO;SG V 3;MASC;PRO;SG PRO PART ADP N;V.MSDR 3;MASC;PRO;SG V V 3;PRO;SG _
ይህ ሳ ምንድን ን ኧው ?	ይህ ሳ ምንድን ን ኧው ?	DET INTJ PRO V 3;PRO;SG _
አዪ እሱ እዚህ ብ ይ ሆን ኖር ኦ ።	አዪ እሱ እዚህ ብ ይ ሆን ኖር ኦ ።	INTJ PRO ADV CONJ 3;MASC;PRO;SG V V 3;MASC;PRO;SG _
አልማዝ ኳስ ኡ ን ወረወር ኧች ።	አልማዝ ኳስ ኡ ን ወረወር ኧች ።	PROPN N DET PART V 3;FEM;PRO;SG _
የ ከብት ኣችን መሰረቅ በጣም አሳዘን ኧ ን ።	የ ከብት ኣችን መሰረቅ በጣም አሳዘን ኧ ን ።	ADP N 1;PL;PRO N;V.MSDR ADV CAUS;V 1;PL;PRO PART _
በ ሙቀት ኡ ምክንያት ነሰር ኧ ኝ ።	በ ሙቀት ኡ ምክንያት ነሰር ኧ ኝ ።	ADP N DET N V 3;MASC;PRO;SG 1;PRO;SG _
ራስ ኡ ን ከ ተመታ ኧ ወዲህ ማስታወስ አቃት ኧው ።	ራስ ኡ ን ከ ተመታ ኧ ወዲህ ማስታወስ አቃት ኧው ።	N 1;PRO;SG PART ADP PASS;V 3;MASC;PRO;SG ADP N V 3;PRO;SG _
ፍየል ከ መድረስ ዋ ቅጠል መበጠስ ዋ ።	ፍየል ከ መድረስ ዋ ቅጠል መበጠስ ዋ ።	N ADP N;V.MSDR 3;FEM;PRO;SG N N;V.MSDR 3;FEM;PRO;SG _
ካሳ ወደ ጎጃም በ አውቶብስ ተጓዝ ኧ ።	ካሳ ወደ ጎጃም በ አውቶብስ ተጓዝ ኧ ።	PROPN ADP PROPN ADP N V 3;MASC;PRO;SG _
ጫካ ው ተመንጥር ኦ ኣል ።	ጫካ ው ተመንጥር ኦ ኣል ።	N DET PASS;V 3;MASC;PRO;SG V _
ትናንት ለ የ መጣ ው ልጅ ገነዘብ ላክ ኡ ።	ትናንት ለ የ መጣ ው ልጅ ገነዘብ ላክ ኡ ።	ADV ADP PART V DET N N V 3;PL;PRO _
ምነው ይህን ያህል ብ ኣል ሠር ኣ ።	ምነው ይህን ያህል ብ ኣል ሠር ኣ ።	PRO DET V CONJ NEG;PART V 3;FEM;PRO;SG _
ፊት ኤ ነጥ ኣ ።	ፊት ኤ ነጥ ኣ ።	N 1;PRO;SG V 3;FEM;PRO;SG _
ዛሬ ለ ምን ኣል መጣ ኧ ም ? እሁድ ኣል ይ ሠር ኡ ም ኣ ።	ዛሬ ለ ምን ኣል መጣ ኧ ም ? እሁድ ኣል ይ ሠር ኡ ም ኣ ።	ADV ADP PRO NEG;PART V 3;MASC;PRO;SG PART _ N NEG;PART 3;MASC;PRO;SG V 3;PL;PRO PART INTJ _
ትምህርት ቤት በ ሄድ ኩ ቁጥር ኳስ እ ጫወት ኣል ኧሁ ።	ትምህርት ቤት በ ሄድ ኩ ቁጥር ኳስ እ ጫወት ኣል ኧሁ ።	N N PART V 1;PRO;SG N N 1;PRO;SG V V 1;PRO;SG _
ምናልባት ይህን መጽሐፍ ለ ማሳተም የ እም ት ፈልግ ኡ ከ ሆን ኧ እ ልክ ኣል ኧሁ ።	ምናልባት ይህን መጽሐፍ ለ ማሳተም የ እም ት ፈልግ ኡ ከ ሆን ኧ እ ልክ ኣል ኧሁ ።	ADV DET N ADP N;V.MSDR PART PART 3;FEM;PRO;SG V 3;PL;PRO CONJ V 3;MASC;PRO;SG 1;PRO;SG V V 1;NEUT;PRO;SG _
ልጅ ኡ ኳስ ኡ ን መት ኣ ው ።	ልጅ ኡ ኳስ ኡ ን መት ኣ ው ።	N DET N DET PART V 3;FEM;PRO;SG 3;MASC;PRO;SG _
ልጅት ዋ ም ቆንጆ ን ኣት ።	ልጅት ዋ ም ቆንጆ ን ኣት ።	N DET CONJ ADJ V 3;FEM;PRO;SG _
ካሳ ወደ ጎንደር ሄድ ኧ ።	ካሳ ወደ ጎንደር ሄድ ኧ ።	PROPN ADP N V 3;MASC;PRO;SG _
ካሳ ልብስ ተኮስ ኧ ።	ካሳ ልብስ ተኮስ ኧ ።	PROPN N PASS;V 3;MASC;PRO;SG _
የት ም ብ ት ሄድ ለ እኔ ደብዳቤ መጻፍ ኣል ት ርሳ ።	የት ም ብ ት ሄድ ለ እኔ ደብዳቤ መጻፍ ኣል ት ርሳ ።	PRO CONJ CONJ 3;FEM;PRO;SG V ADP PRO N N;V.MSDR NEG;PART 3;FEM;PRO;SG V _
ተማሪ ው ለ አስቴር የ ሰጥ ኧ ኣት መጽሐፍ ጠፋ ኧ ።	ተማሪ ው ለ አስቴር የ ሰጥ ኧ ኣት መጽሐፍ ጠፋ ኧ ።	N DET ADP PROPN PART V 3;MASC;PRO;SG 3;FEM;PRO;SG N V 3;MASC;PRO;SG _
ይህ ምስኪን ምነው በ ደንብ በልት ኦ አይት ኤ ው ።	ይህ ምስኪን ምነው በ ደንብ በልት ኦ አይት ኤ ው ።	DET N PRO ADP N V 3;MASC;PRO;SG V 1;PRO;SG PART _
ቤት ብ ት ውል ይ ተሻል ኣል ።	ቤት ብ ት ውል ይ ተሻል ኣል ።	N CONJ 2;PRO;SG V 3;MASC;PRO;SG PASS;V V _
የ ካሳ በ ፈተና መውደቅ አልማዝ ን ገረም ኣት ።	የ ካሳ በ ፈተና መውደቅ አልማዝ ን ገረም ኣት ።	ADP PROPN ADP N N;V.MSDR PROPN PART V 3;FEM;PRO;SG _
ውሃ ው ን አፈላ ኧች ው ።	ውሃ ው ን አፈላ ኧች ው ።	N DET PART CAUS;V 3;FEM;PRO;SG 3;MASC;PRO;SG _
ዳኛ ው ለ አስቴር ፈረድ ኡ ል ኣት ።	ዳኛ ው ለ አስቴር ፈረድ ኡ ል ኣት ።	N DET ADP PROPN V 3;PL;PRO ADP 3;FEM;PRO;SG _
እሱ አባት ኡ ን ይ መስለ ው ኣል ።	እሱ አባት ኡ ን ይ መስለ ው ኣል ።	PRO N 3;MASC;PRO;SG PART 3;MASC;PRO;SG V 3;MASC;PRO;SG V _
መንገድ ስ ይ ኣቋርጥ ኡ ልጅ ኡ ን እጅ ኡ ን ያዝ ኧች ው ።	መንገድ ስ ይ ኣቋርጥ ኡ ልጅ ኡ ን እጅ ኡ ን ያዝ ኧች ው ።	N CONJ 3;MASC;PRO;SG V 3;PL;PRO N DET PART N 3;MASC;PRO;SG PART V 3;FEM;PRO;SG 3;MASC;PRO;SG _
እኔ ን ይ ሰርቅ ኣል ብል ኦ መጠርጠር ቀልድ ን ኧው ።	እኔ ን ይ ሰርቅ ኣል ብል ኦ መጠርጠር ቀልድ ን ኧው ።	PRO PART 3;MASC;PRO;SG V V V 3;MASC;PRO;SG V;V.MSDR ADJ V 3;PRO;SG _
የ ልጅ ኡ መታመም አስተማሪ ው ን አሳሰብ ኧ ው ።	የ ልጅ ኡ መታመም አስተማሪ ው ን አሳሰብ ኧ ው ።	ADP N DET N;V.MSDR N DET PART V 3;MASC;PRO;SG 3;NEUT;PRO;SG _
ጠላት ኡ ን አስገደል ኧ ።	ጠላት ኡ ን አስገደል ኧ ።	N 3;MASC;PRO;SG PART CAUS;V 3;MASC;PRO;SG _
ቀለብ ስ ት ገዛዝ ኣ ዋል ኧች ።	ቀለብ ስ ት ገዛዝ ኣ ዋል ኧች ።	N CONJ 3;FEM;PRO;SG V 3;FEM;PRO;SG V 3;FEM;PRO;SG _
ሞተር ኡ ን ል ጠግን ኧው እ ችል ኣል ኧ ብል ኦ ነበር ።	ሞተር ኡ ን ል ጠግን ኧው እ ችል ኣል ኧ ብል ኦ ነበር ።	N DET PART 1;PRO;SG V 3;MASC;PRO;SG 1;PRO;SG V V 3;MASC;PRO;SG V 3;MASC;PRO;SG V _
ሰርት ኤ እንኳን ብ ይ ሆን ኑሮ ብድር ኤ ን እ ከፍል ነበር ።	ሰርት ኤ እንኳን ብ ይ ሆን ኑሮ ብድር ኤ ን እ ከፍል ነበር ።	V 1;PRO;SG CONJ CONJ 3;MASC;PRO;SG V CONJ N 1;PRO;SG PART 1;PRO;SG V V _
ገንዘብ ኡ ለ አልማዝ ተሸለም ኧ ።	ገንዘብ ኡ ለ አልማዝ ተሸለም ኧ ።	N DET ADP PROPN PASS;V 3;MASC;PRO;SG _
ህመም ኡ ፋታ ሰጥ ኧ ኣት ።	ህመም ኡ ፋታ ሰጥ ኧ ኣት ።	N DET ADV V 3;MASC;PRO;SG 3;FEM;PRO;SG _
የ ኣለ ኝ ቤት ትንሽ ን ኧው ።	የ ኣለ ኝ ቤት ትንሽ ን ኧው ።	ADP V 1;PRO;SG N ADJ V 3;PRO;SG _
ደሞዝ ወሰድ ክ ወይ ?	ደሞዝ ወሰድ ክ ወይ ?	N V 2;MASC;PRO;SG INTJ _
ሥራ ው ወደ ማለቅ ኡ ን ኧው ።	ሥራ ው ወደ ማለቅ ኡ ን ኧው ።	N DET ADP N;V.MSDR DET V 3;PRO;SG _
ውሸት ኣቸው ን ን ኧው ።	ውሸት ኣቸው ን ን ኧው ።	N 3;PL;PRO PART V 3;PRO;SG _
ምሳ ው ን ላላ ና ሄድ ኧ ።	ምሳ ው ን ላላ ና ሄድ ኧ ።	N DET PART V CONJ V 3;MASC;PRO;SG _
አልማዝ መዘመር ዋ መፅሐፍ አስሸለም ኧ ኣት ።	አልማዝ መዘመር ዋ መፅሐፍ አስሸለም ኧ ኣት ።	PROPN N;V.MSDR 3;FEM;PRO;SG N CAUS;V 3;MASC;PRO;SG 3;FEM;PRO;SG _
የ እም እ በላ ከ ሆን ኧ የ እም እ በላ ው ስጋ ን ኧው ።	የ እም እ በላ ከ ሆን ኧ የ እም እ በላ ው ስጋ ን ኧው ።	PART PART 1;PRO;SG V ADP V 3;MASC;PRO;SG PART PART 1;PRO;SG V 3;PRO;SG N V 3;PRO;SG _
ዓይናፋር ልጃገረድ ብዙ ጓደኞች ኣል ይ ኖር ኡ ኣት ም ።	ዓይናፋር ልጃገረድ ብዙ ጓደኞች ኣል ይ ኖር ኡ ኣት ም ።	ADJ N ADJ N;PL NEG;PART 3;MASC;PRO;SG V 3;PL;PRO 3;FEM;PRO;SG PART _
ፈጣን ሆን ኧ ።	ፈጣን ሆን ኧ ።	ADV V 3;MASC;PRO;SG _
አስቴር ትምህርት ቤት ት ሂድ !	አስቴር ትምህርት ቤት ት ሂድ !	PROPN N N 3;MASC;PRO;SG IMP;V _
ምን አድርግ እንደ እም ትል ኧ ኝ እርግጠኛ አይደል ኧሁ ም ።	ምን አድርግ እንደ እም ትል ኧ ኝ እርግጠኛ አይደል ኧሁ ም ።	PRO V CONJ PART V 2;MASC;PRO;SG 1;PRO;SG ADJ V 1;NEUT;PRO;SG PART _
ካሳ ልጅ ኡ ን ገረፍ ኧ ው ።	ካሳ ልጅ ኡ ን ገረፍ ኧ ው ።	PROPN N DET PART V 3;MASC;PRO;SG 3;MASC;PRO;SG _
አስቴር ክፉ ሴት አይደል ኧች ም ።	አስቴር ክፉ ሴት አይደል ኧች ም ።	PROPN ADJ N V 3;FEM;PRO;SG PART _
መሶብ ከፍት ኦ ዳቦ ይ ወስድ ኣል ።	መሶብ ከፍት ኦ ዳቦ ይ ወስድ ኣል ።	N V;V.CVB 3;MASC;PRO;SG N 3;MASC;PRO;SG V V _
ብላ !	ብላ !	IMP;V _
አራት መጽሐፍ ኣል ኡ ኝ ።	አራት መጽሐፍ ኣል ኡ ኝ ።	NUM N V 3;PL;PRO 1;PRO;SG _
ሰው ዬ_ው ከ ሌባ ው ጋር ተናነቅ ኧ ።	ሰው ዬ_ው ከ ሌባ ው ጋር ተናነቅ ኧ ።	N DET ADP N DET ADP RECP;V 3;MASC;PRO;SG _
ከ ጥቂት ልምምድ በኋላ የ ተሻል ኧ አድርግ ኧው ሠር ኡ ት ።	ከ ጥቂት ልምምድ በኋላ የ ተሻል ኧ አድርግ ኧው ሠር ኡ ት ።	ADP ADJ N ADP ADP PASS;V 3;MASC;PRO;SG V 3;PRO;SG V 3;PL;PRO 3;FEM;PRO;SG _
የ ኢኮኖሚ ው ውድቀት የ እም ኣል ይ ቀር ን ኧው እን በል ።	የ ኢኮኖሚ ው ውድቀት የ እም ኣል ይ ቀር ን ኧው እን በል ።	ADP N DET N PART PART NEG;PART 3;MASC;PRO;SG V V 3;PRO;SG 1;PL;PRO V _
ትምህርት ቤት በ ሄድ ኩ ቁጥር ኳስ እ ጫወ ኣል ኧሁ ።	ትምህርት ቤት በ ሄድ ኩ ቁጥር ኳስ እ ጫወ ኣል ኧሁ ።	N N ADP V 1;PRO;SG ADV N 1;PRO;SG V V 1;PRO;SG _
ገንዘብ ብ ኣል ይ ኖር ኧ ኝ ም ተበድር ኤ ልብስ ኡ ን ለ ልጅ ኤ መግዛት ነበር ኧ ብ ኝ ።	ገንዘብ ብ ኣል ይ ኖር ኧ ኝ ም ተበድር ኤ ልብስ ኡ ን ለ ልጅ ኤ መግዛት ነበር ኧ ብ ኝ ።	N CONJ NEG;PART 3;MASC;PRO;SG V 3;MASC;PRO;SG 1;PRO;SG PART PASS;V 1;PRO;SG N DET PART ADP;BEN N 1;PRO;SG N;V.MSDR V 3;MASC;PRO;SG ADP;BEN 1;PRO;SG _
በ እግር ኣችን እን ሂድ ወይስ ባውቶቢስ ?	በ እግር ኣችን እን ሂድ ወይስ ባውቶቢስ ?	ADP N 2;PL;PRO 1;PL;PRO V CONJ N _
ሀምሌት ን ሆን ኦ የ እም ይ ጫወት ኧው ማን ን ኧው ?	ሀምሌት ን ሆን ኦ የ እም ይ ጫወት ኧው ማን ን ኧው ?	N PART V 3;MASC;PRO;SG PART PART 3;MASC;PRO;SG V 3;PRO;SG PRO V 3;PRO;SG _
በል ብላ !	በል ብላ !	V V _
ሰው ሟች ን ኧው ።	ሰው ሟች ን ኧው ።	N N V 3;PRO;SG _
እርሳስ ኡ ን እንሆ !	እርሳስ ኡ ን እንሆ !	N DET PART V _
ደረቅ ኡ ን ኣል ት ብላ ኧ !	ደረቅ ኡ ን ኣል ት ብላ ኧ !	ADJ DET PART NEG;PART 3;MASC;PRO;SG V 3;MASC;PRO;SG _
ዓለሙ ይ ረስ ኣል ተስፋዬ ም እንዲሁ ።	ዓለሙ ይ ረስ ኣል ተስፋዬ ም እንዲሁ ።	PROPN 3;MASC;PRO;SG V V PROPN CONJ ADV _
በ ወንዝ ኡ አጠገብ ሄድ ኡ ።	በ ወንዝ ኡ አጠገብ ሄድ ኡ ።	ADP N DET ADP V 3;PL;PRO _
መነጽር ኤ ን የ ጣል ኩ በ ት ን ምነው በ ኣወቅ ሁ ።	መነጽር ኤ ን የ ጣል ኩ በ ት ን ምነው በ ኣወቅ ሁ ።	N 1;PRO;SG PART PART V 1;PRO;SG ADP;ESS 3;MASC;PRO;SG PART INTJ ADP V 1;PRO;SG _
ወንበሮች ኡ ን ለያይ ኧ ኣቸው ።	ወንበሮች ኡ ን ለያይ ኧ ኣቸው ።	N;PL DET PART V 3;MASC;PRO;SG 3;NEUT;PL;PRO _
ገነዘብ ብ ለምን ኧው አባረር ኧ ኝ ።	ገነዘብ ብ ለምን ኧው አባረር ኧ ኝ ።	N CONJ V 3;MASC;PRO;SG V 3;MASC;PRO;SG 1;PRO;SG _
ሰው መኖር የ ኣል ኧ በ ት ባህር ዳር ን ኧው ።	ሰው መኖር የ ኣል ኧ በ ት ባህር ዳር ን ኧው ።	N N;V.MSDR PART V 3;MASC;PRO;SG ADP;INS 3;MASC;PRO;SG PROPN ADP V 3;PRO;SG _
ሥራ ው ን ል ይ ጨርስ ስ ይ ል ስሕተት መሥራት ኡ ን ተገነዘብ ኧ ።	ሥራ ው ን ል ይ ጨርስ ስ ይ ል ስሕተት መሥራት ኡ ን ተገነዘብ ኧ ።	N DET PART CONJ 3;MASC;PRO;SG V CONJ 3;MASC;PRO;SG V N N;V.MSDR DET PART PASS;V 3;MASC;PRO;SG _
መብረቅ ኡ ዛፍ ኡ ን ሰነጣጠቅ ኧ ው ።	መብረቅ ኡ ዛፍ ኡ ን ሰነጣጠቅ ኧ ው ።	N DET N DET PART V 3;MASC;PRO;SG 3;MASC;PRO;SG _
ዕንጨት ስ ይ ረጥብ እንደ መነፋት ይ ል ኣል ።	ዕንጨት ስ ይ ረጥብ እንደ መነፋት ይ ል ኣል ።	N CONJ 3;MASC;PRO;SG V ADP N;V.MSDR 3;MASC;PRO;SG V V _
በ ጫካ ው ዳር ዳር አጋዘን ይ ታይ ኣል ።	በ ጫካ ው ዳር ዳር አጋዘን ይ ታይ ኣል ።	ADP N DET N N N 3;MASC;PRO;SG V V _
ብርቱኳ ኡ በሰል ኧ ።	ብርቱኳ ኡ በሰል ኧ ።	N DET V 3;MASC;PRO;SG _
ልጆች ኡ ወንበር ላይ ተቀመጥ ኡ ።	ልጆች ኡ ወንበር ላይ ተቀመጥ ኡ ።	N;PL DET N ADP V 3;PL;PRO _
ስለ ታመም ኧ ኣል መጣ ኧ ም ።	ስለ ታመም ኧ ኣል መጣ ኧ ም ።	CONJ V 3;MASC;PRO;SG NEG;PART V 3;MASC;PRO;SG PART _
ካሳ በ ጦር አንበሳ ገደል ኧ ።	ካሳ በ ጦር አንበሳ ገደል ኧ ።	PROPN ADP N N V 3;MASC;PRO;SG _
አልማዝ ወንዝ ኡ ን ተሻገር ኧች ።	አልማዝ ወንዝ ኡ ን ተሻገር ኧች ።	PROPN N DET PART V 3;FEM;PRO;SG _
ከ አንገት በላይ ህክምና ተጀመረ ።	ከ አንገት በላይ ህክምና ተጀመረ ።	ADP N ADP N PASS;V _
ተመልስ ኦ ሄድ ኧ ።	ተመልስ ኦ ሄድ ኧ ።	V 3;MASC;PRO;SG V 3;MASC;PRO;SG _
ልብስ ኡ ን አስወሰድ ኧ ው ።	ልብስ ኡ ን አስወሰድ ኧ ው ።	N 3;MASC;PRO;SG PART CAUS;V 3;MASC;PRO;SG 3;MASC;PRO;SG _
አስተማሪ ው ተማሪ ው ን ለምን ወቀስ ኸ ው ?	አስተማሪ ው ተማሪ ው ን ለምን ወቀስ ኸ ው ?	N DET N DET PART PRO V 3;MASC;PRO;SG 3;MASC;PRO;SG _
የ ገዛ ሁ ት ቤት ን ኧው ።	የ ገዛ ሁ ት ቤት ን ኧው ።	PART V 1;PRO;SG 3;MASC;PRO;SG N V 3;PRO;SG _
ከ አገር እስክ ይ ወጥ ኣ ታገስ ኧ ።	ከ አገር እስክ ይ ወጥ ኣ ታገስ ኧ ።	ADP N CONJ 3;MASC;PRO;SG V 3;FEM;PRO;SG PASS;V 3;MASC;PRO;SG _
የ ስራ ጓደኞች ኤ ከ እኔ ጋር አል እን ሰራ ም አል ኡ ።	የ ስራ ጓደኞች ኤ ከ እኔ ጋር አል እን ሰራ ም አል ኡ ።	ADP N N;PL 1;PRO;SG ADP PRO ADP NEG;PART 1;PL;PRO V PART V 3;PL;PRO _
ብዙ ጨኸት ከ መኖር ኡ የ ተነሣ ል ይ ተኝ ኡ ኣል ቻል ኡ ም ።	ብዙ ጨኸት ከ መኖር ኡ የ ተነሣ ል ይ ተኝ ኡ ኣል ቻል ኡ ም ።	ADJ N ADP N;V.MSDR DET ADP V CONJ 3;MASC;PRO;SG V 3;PL;PRO NEG;PART V 3;PL;PRO PART _
ልብ ኡ ል ይ ፈነድ ኣ ትንሽ ቀረ ው ።	ልብ ኡ ል ይ ፈነድ ኣ ትንሽ ቀረ ው ።	N 3;MASC;PRO;SG CONJ 3;MASC;PRO;SG V PRO ADV V 3;MASC;PRO;SG _
መጽሐፍ ኡ ን አስያዝ ኧ ኣት ።	መጽሐፍ ኡ ን አስያዝ ኧ ኣት ።	N DET PART CAUS;V 3;MASC;PRO;SG 3;FEM;PRO;SG _
በ ምግብ ስ በኩል ምግብ ኡ መጥፎ አይደል ኧ ም ።	በ ምግብ ስ በኩል ምግብ ኡ መጥፎ አይደል ኧ ም ።	ADP N INTJ ADP N DET ADJ V 3;MASC;PRO;SG PART _
ዝናብ ዘንብ ኦ መሬት ኡ ረጥብ ኦ ነበር ።	ዝናብ ዘንብ ኦ መሬት ኡ ረጥብ ኦ ነበር ።	N V;V.CVB 3;MASC;PRO;SG N DET V;V.CVB 3;MASC;PRO;SG V _
ጓደኞች ህ እዚህ ስ ኣል ይ መጥ ኡ ብ ይ ቀር ኡ ስ ?	ጓደኞች ህ እዚህ ስ ኣል ይ መጥ ኡ ብ ይ ቀር ኡ ስ ?	N 2;MASC;PRO;SG DET CONJ NEG;PART 3;MASC;PRO;SG V 3;PL;PRO CONJ 3;MASC;PRO;SG V 3;PL;PRO INTJ _
በጣም ተለወጥ ኧ ።	በጣም ተለወጥ ኧ ።	ADV PASS;V 3;MASC;PRO;SG _
አልማዝ ታመም ኧች ።	አልማዝ ታመም ኧች ።	PROPN V 3;FEM;PRO;SG _
የ ተበደር ኩ ት ን ገንዘብ መቼ ስ ኣል ከፍል ቀርት ኤ ኣል ኧሁ ?	የ ተበደር ኩ ት ን ገንዘብ መቼ ስ ኣል ከፍል ቀርት ኤ ኣል ኧሁ ?	PART PASS;V 1;PRO;SG 3;MASC;PRO;SG PART N PRO CONJ NEG;PART V V 1;PRO;SG V 1;NEUT;PRO;SG _
አስገደል ኡ ኣት ።	አስገደል ኡ ኣት ።	CAUS;V 3;PL;PRO 3;FEM;PRO;SG _
ጦም ኣቸው ን ዋል ኡ ።	ጦም ኣቸው ን ዋል ኡ ።	N 3;PL;PRO PART V 3;PL;PRO _
እስከ ነገ ብ ት ቆይ ስ ?	እስከ ነገ ብ ት ቆይ ስ ?	ADP ADV CONJ 3;MASC;PRO;SG V INTJ _
ስንት መፅሐፍ ት ፈልግ ኣል ኧህ ?	ስንት መፅሐፍ ት ፈልግ ኣል ኧህ ?	ADJ N 3;MASC;PRO;SG V V 2;MASC;PRO;SG _
ምን ይ ሆን የ እም ይ ል ሐሳብ አሸበር ኧ ኣት ።	ምን ይ ሆን የ እም ይ ል ሐሳብ አሸበር ኧ ኣት ።	PRO 3;MASC;PRO;SG V PART PART 3;MASC;PRO;SG V N CAUS;V 3;MASC;PRO;SG 3;FEM;PRO;SG _
በር ኡ ላይ ቆም ኦ ል ግባ ኧ አል ግባ ኧ ስ ይ ል አቅማም ኣ ።	በር ኡ ላይ ቆም ኦ ል ግባ ኧ አል ግባ ኧ ስ ይ ል አቅማም ኣ ።	N DET ADP V 3;MASC;PRO;SG CONJ V 3;MASC;PRO;SG NEG;PART V 3;MASC;PRO;SG CONJ 3;MASC;PRO;SG V V 3;FEM;PRO;SG _
ዓለሚቱ ተወዳጅ ጠባይ ኣል ኧ ኣት ።	ዓለሚቱ ተወዳጅ ጠባይ ኣል ኧ ኣት ።	PROPN ADJ N V 3;MASC;PRO;SG 3;FEM;PRO;SG _
ባዶ~እጅ ኡ ን መጣ ኧ ።	ባዶ~እጅ ኡ ን መጣ ኧ ።	N 3;MASC;PRO;SG PART V 3;MASC;PRO;SG _
ልብስ ኡ ን እ ጠብ !	ልብስ ኡ ን እ ጠብ !	N DET PART 3;PRO;SG IMP;V _
ካሳ ጥይት ተኮስ ኧ ።	ካሳ ጥይት ተኮስ ኧ ።	PROPN N V 3;MASC;PRO;SG _
ብዙዎች ን ለ ማስተማር ሳ ምን ዘዴ አገኝ ኣል ኧሁ ?	ብዙዎች ን ለ ማስተማር ሳ ምን ዘዴ አገኝ ኣል ኧሁ ?	ADJ;PL PART ADP N CONJ PRO N V V 1;PRO;SG _
ይህ ን ነገር ለ ማረጋገጥ ስ እ ል በ እየ ቦታ ው ጠይቅ ኤ ነበር ።	ይህ ን ነገር ለ ማረጋገጥ ስ እ ል በ እየ ቦታ ው ጠይቅ ኤ ነበር ።	DET PART N ADP N;V.MSDR CONJ 1;PRO;SG V ADP PART N DET V 1;PRO;SG V _
የ ገዛ ሁ ት ያ ን ቤት ን ኧው ።	የ ገዛ ሁ ት ያ ን ቤት ን ኧው ።	PART V 1;PRO;SG 3;MASC;PRO;SG DET PART N V 3;PRO;SG _
ካሳ አልማዝ ን አስገደል ኧ ኣት ።	ካሳ አልማዝ ን አስገደል ኧ ኣት ።	PROPN PROPN PART CAUS;V 3;MASC;PRO;SG 3;FEM;PRO;SG _
ጥሩ ሞት ን ሞት ኧ ።	ጥሩ ሞት ን ሞት ኧ ።	ADJ N PART V 3;MASC;PRO;SG _
አሳ ው ከ ባህር ወጥ ኣ ።	አሳ ው ከ ባህር ወጥ ኣ ።	N DET ADP N V 3;FEM;PRO;SG _
ግድግዳ ኡ ን መራረግ ኧ ።	ግድግዳ ኡ ን መራረግ ኧ ።	N DET PART V 3;MASC;PRO;SG _
ብ ይ ኣዳምጥ ኣት ስ ኖር ኦ ።	ብ ይ ኣዳምጥ ኣት ስ ኖር ኦ ።	CONJ 3;MASC;PRO;SG V 3;FEM;PRO;SG INTJ V 3;MASC;PRO;SG _
እንቁላል ኡ ን ሰበር ኧች ው ።	እንቁላል ኡ ን ሰበር ኧች ው ።	N DET PART V 3;FEM;PRO;SG 3;MASC;PRO;SG _
ሻንጣ ዬ ን ተሰረቅ ሁ ።	ሻንጣ ዬ ን ተሰረቅ ሁ ።	N 1;PRO;SG PART PASS;V 1;PRO;SG _
የ በለጠ ችሮታ ለ ማድረግ የ እም ይ ችል በ ት ን ዘዴ ብ ኣገኝ ብል ኦ ተመኝ ኧ ።	የ በለጠ ችሮታ ለ ማድረግ የ እም ይ ችል በ ት ን ዘዴ ብ ኣገኝ ብል ኦ ተመኝ ኧ ።	ADP ADJ N ADP N;V.MSDR PART PART 3;MASC;PRO;SG V ADP 3;FEM;PRO;SG PART N ADP V V 3;MASC;PRO;SG PASS;V 3;MASC;PRO;SG _
በር ኡ ን ከፍት ኤ ስ እ ገባ ስልክ ተደወል ኧ ።	በር ኡ ን ከፍት ኤ ስ እ ገባ ስልክ ተደወል ኧ ።	N DET PART V 1;PRO;SG CONJ 1;PRO;SG V N PASS;V 3;MASC;PRO;SG _
እነሆ ልጅ ኤ ፈተና ው ን በ ከፍተኛ ውጤት አለፍ ኧ ።	እነሆ ልጅ ኤ ፈተና ው ን በ ከፍተኛ ውጤት አለፍ ኧ ።	INTJ N DET N DET PART ADP ADJ N V 3;MASC;PRO;SG _
ካሳ ትናንት መኪና ገዝ ኣ ።	ካሳ ትናንት መኪና ገዝ ኣ ።	PROPN ADV N V 3;FEM;PRO;SG _
አስቴር የ መጣ ኧች ው ከ የት ን ኧው ?	አስቴር የ መጣ ኧች ው ከ የት ን ኧው ?	PROPN PART V 3;FEM;PRO;SG DET ADP PRO V 3;PRO;SG _
አስቴር የ ሰበር ኧች ው ምንድ ን ን ኧው ?	አስቴር የ ሰበር ኧች ው ምንድ ን ን ኧው ?	PROPN PART V 3;FEM;PRO;SG 3;MASC;PRO;SG PRO PART V 3;PRO;SG _
ብ ሠር ኣ ው እ ወድ ኣል ኧሁ ነገር ግን ጊዜ የለ ኝ ም ።	ብ ሠር ኣ ው እ ወድ ኣል ኧሁ ነገር ግን ጊዜ የለ ኝ ም ።	ADP V 3;FEM;PRO;SG PRO 1;PRO;SG V V 1;MASC+FEM;PRO;SG N CONJ N V 1;MASC+FEM;PRO;SG NEG;PART _
እሱ አለቀስ ኧ ።	እሱ አለቀስ ኧ ።	PRO V 3;MASC;PRO;SG _
ጥርስ ኤ ቆሎ ኣል ይ ኣስበላ ኧ ኝ ም ።	ጥርስ ኤ ቆሎ ኣል ይ ኣስበላ ኧ ኝ ም ።	N 1;PRO;SG N NEG;PART 3;MASC;PRO;SG CAUS;V 3;MASC;PRO;SG 1;PRO;SG PART _
ተቀምጥ ኧን እን ሠራ ኣል ኧን ።	ተቀምጥ ኧን እን ሠራ ኣል ኧን ።	PASS;V 1;PL;PRO 1;PL;PRO V V 1;PL;PRO _
ፈረስ ኡ ሌጣ ው ን ጋለብ ኧ ።	ፈረስ ኡ ሌጣ ው ን ጋለብ ኧ ።	N DET ADV DET PART V 3;MASC;PRO;SG _
ካሳ ክፉኛ ተቆጥ ኣ ።	ካሳ ክፉኛ ተቆጥ ኣ ።	PROPN ADV PASS;V 3;FEM;PRO;SG _
ምነው ብ ይ አዳምጥ ኣት ኖር ኦ ።	ምነው ብ ይ አዳምጥ ኣት ኖር ኦ ።	PRO CONJ 3;MASC;PRO;SG V 3;FEM;PRO;SG V 3;MASC;PRO;SG _
ኸረ ለ መሆን ኡ ነጻነት ምን እንደ ሆን ኧ ት ኣውቅ ኣል ኣችሁ ?	ኸረ ለ መሆን ኡ ነጻነት ምን እንደ ሆን ኧ ት ኣውቅ ኣል ኣችሁ ?	INTJ ADP N;V.MSDR DET N PRO CONJ V 3;MASC;PRO;SG 3;MASC;PRO;SG V V 2;PL;PRO _
የ ካሳ ቤት የ መስራት ዓላማ ገረም ኧ ኝ ።	የ ካሳ ቤት የ መስራት ዓላማ ገረም ኧ ኝ ።	ADP PROPN N PART N;V.MSDR N V 3;MASC;PRO;SG 1;NEUT;PRO;SG _
ገንዘብ ኡ ን አስመለስ ኧ ።	ገንዘብ ኡ ን አስመለስ ኧ ።	N 3;MASC;PRO;SG PART CAUS;V 3;MASC;PRO;SG _
በረኛ ው አል አስገባ ኧ ም ኣል ኧው ።	በረኛ ው አል አስገባ ኧ ም ኣል ኧው ።	N DET NEG;PART V 3;MASC;PRO;SG PART V 3;PRO;SG _
ጩኸት ኡ ኣል ይ ኣስተኛ ኧ ኝ ም ።	ጩኸት ኡ ኣል ይ ኣስተኛ ኧ ኝ ም ።	N DET NEG;PART 3;MASC;PRO;SG CAUS;V 1;PRO;SG 1;PRO;SG PART _
አስቴር ሽልማት ተቀበል ኧች ።	አስቴር ሽልማት ተቀበል ኧች ።	PROPN N PASS;V 3;FEM;PRO;SG _
ጀርባ ዋ ን መታ ሁ ኣት ።	ጀርባ ዋ ን መታ ሁ ኣት ።	N 3;FEM;PRO;SG PART V 1;NEUT;PRO;SG 3;FEM;PRO;SG _
አንበሳ የ ገደል ኧ ው ልጅ ተሸለም ኧ ።	አንበሳ የ ገደል ኧ ው ልጅ ተሸለም ኧ ።	N PART V 3;MASC;PRO;SG 3;MASC;PRO;SG N PASS;V 3;MASC;PRO;SG _
ነገ የ እም ት መጣ መሆን ኡ ን ሰምች ኤ ኣል ኧሁ ።	ነገ የ እም ት መጣ መሆን ኡ ን ሰምች ኤ ኣል ኧሁ ።	ADV PART PART 3;FEM;PRO;SG V V;V.MSDR 2;MASC;PRO;SG PART V 1;PRO;SG V 1;PRO;SG _
ወይዘሮ አስቴር ለ አውዳ~ዓመት አንድ ጋን ጠላ ጠመቅ ኧች ።	ወይዘሮ አስቴር ለ አውዳ~ዓመት አንድ ጋን ጠላ ጠመቅ ኧች ።	ADJ PROPN ADP N NUM N N V 3;FEM;PRO;SG _
ካሳ አባት ኡ ን ይ መስል ኣል ።	ካሳ አባት ኡ ን ይ መስል ኣል ።	PROPN N DET PART 3;MASC;PRO;SG V V _
በ እድሜ እንደ አንተ ከ ኣል ኡ ብላቴኖች ይልቅ ፊት ኣችሁ ከስት ኦ የ ኣይ ኧ እንደ ሆን ኧ ይ ኣዝን ኣል ።	በ እድሜ እንደ አንተ ከ ኣል ኡ ብላቴኖች ይልቅ ፊት ኣችሁ ከስት ኦ የ ኣይ ኧ እንደ ሆን ኧ ይ ኣዝን ኣል ።	ADP N ADP PRO PART V 3;PL;PRO N;PL ADV N 2;PL;PRO V;V.CVB 3;MASC;PRO;SG PART V 3;MASC;PRO;SG CONJ V 3;MASC;PRO;SG 3;MASC;PRO;SG V V _
ምግብ እየ ኣል ኧ ምነው ኣለ መብላት ህ ?	ምግብ እየ ኣል ኧ ምነው ኣለ መብላት ህ ?	N ADP V 3;MASC;PRO;SG PRO NEG;PART N;V.MSDR 2;MASC;PRO;SG _
አጠብ ኣሁ ኣት ።	አጠብ ኣሁ ኣት ።	V 1;NEUT;PRO;SG 3;FEM;PRO;SG _
መስኮት ኡ ን ዝጋ !	መስኮት ኡ ን ዝጋ !	N DET PART IMP;V _
ካሳ ከ እናት ኡ ጋር ጋር ምሳ አል በላ ኧ ም ።	ካሳ ከ እናት ኡ ጋር ጋር ምሳ አል በላ ኧ ም ።	PROPN ADP N 3;MASC;PRO;SG ADP ADP N NEG;PART V 3;MASC;PRO;SG PART _
ፍየሎች ኡ ወንዝ ኡ ን ተከተል ኡ ።	ፍየሎች ኡ ወንዝ ኡ ን ተከተል ኡ ።	N;PL DET N DET PART V 3;PL;PRO _
ሥራ ኤ ን ለምን ኣል ት ኣሰራ ኧ ኝ ም ?	ሥራ ኤ ን ለምን ኣል ት ኣሰራ ኧ ኝ ም ?	N 1;PRO;SG PART ADV NEG;PART 3;MASC;PRO;SG CAUS;V 3;MASC;PRO;SG 1;PRO;SG PART _
ዝም ኣል ኧች ።	ዝም ኣል ኧች ።	ADV V 3;FEM;PRO;SG _
መጥት ኦ የ እም ይ ሰራ ደሞዝ ይ ቀበል ኣል ።	መጥት ኦ የ እም ይ ሰራ ደሞዝ ይ ቀበል ኣል ።	N;V.MSDR 3;MASC;PRO;SG PART PART 3;MASC;PRO;SG V N 3;MASC;PRO;SG V V _
ክርስቶስ በ ተሰቀል ኧ በ ት ቀን ፀሐይ ጨልማ ነበር ።	ክርስቶስ በ ተሰቀል ኧ በ ት ቀን ፀሐይ ጨልማ ነበር ።	N PART PASS;V 3;MASC;PRO;SG ADP 3;MASC;PRO;SG N N V V _
ልጅ ኡ ን ኮሶ አስጠጣ ሁ ት ።	ልጅ ኡ ን ኮሶ አስጠጣ ሁ ት ።	N DET PART N CAUS;V 1;PRO;SG 3;MASC;PRO;SG _
ደብረዘይት ወደ እም ት ባል የ እስራኤል ከተማ መጣ ኧ ።	ደብረዘይት ወደ እም ት ባል የ እስራኤል ከተማ መጣ ኧ ።	N ADP PART 3;MASC;PRO;SG V ADP N N V 3;MASC;PRO;SG _
የ ሰረቅ ኧ ው ን ሰው ዬ ዳኛ ው ፊት አቀረብ ኡ ት ።	የ ሰረቅ ኧ ው ን ሰው ዬ ዳኛ ው ፊት አቀረብ ኡ ት ።	PART V 3;MASC;PRO;SG DET PART N DET N DET ADP CAUS;V 3;PL;PRO 3;FEM;PRO;SG _
ከብት ኣችን ን በ መስረቅ ኡ ምክንያት ታሰር ኧ ።	ከብት ኣችን ን በ መስረቅ ኡ ምክንያት ታሰር ኧ ።	N 1;PL;PRO PART ADP V;V.MSDR MASC;PRO;SG CONJ V 3;MASC;PRO;SG _
ጊዜ ው / ወቅት ኡ ጥሩ ን ኧው ።	ጊዜ ው / ወቅት ኡ ጥሩ ን ኧው ።	N DET _ N DET ADJ V 3;PRO;SG _
ገንዘብ ስ ኣል ይ ኖረ ኝ ሲኒማ ኣል ሄድ ም ።	ገንዘብ ስ ኣል ይ ኖረ ኝ ሲኒማ ኣል ሄድ ም ።	N CONJ V 3;MASC;PRO;SG V 1;NEUT;PRO;SG N NEG;PART V PART _
የ እም ይ ኣም ህ እንደ ሆን ኧ ወደ ሐኪም ሂድ ።	የ እም ይ ኣም ህ እንደ ሆን ኧ ወደ ሐኪም ሂድ ።	PART PART 3;MASC;PRO;SG V 2;MASC;PRO;SG CONJ V 3;MASC;PRO;SG ADP N IMP;V _
እየ በላ ኧ አነበብ ኧ ።	እየ በላ ኧ አነበብ ኧ ።	CONJ V 3;MASC;PRO;SG V 3;MASC;PRO;SG _
መምህር ኡ ተማሪዎች ኡ ን ተሰለፍ ኡ አለ ኣቸው ።	መምህር ኡ ተማሪዎች ኡ ን ተሰለፍ ኡ አለ ኣቸው ።	N DET N;PL DET PART PASS;V 3;PL;PRO V 3;NEUT;PL;PRO _
ዮሐንስ መጵሐፍ ኡ ን ለ አስቴር መለስ ኧ ል ኣት ።	ዮሐንስ መጵሐፍ ኡ ን ለ አስቴር መለስ ኧ ል ኣት ።	PROPN N DET PART ADP PROPN V 3;MASC;PRO;SG ADP 3;FEM;PRO;SG _
በር ኡ ን ከፍት ኦ እ ቤት ገብት ኦ እቃ ው ን አዘጋጅት ኦ ቤት ኡ ን ጠርግ ኦ ሄድ ኧ ።	በር ኡ ን ከፍት ኦ እ ቤት ገብት ኦ እቃ ው ን አዘጋጅት ኦ ቤት ኡ ን ጠርግ ኦ ሄድ ኧ ።	N DET PART V;V.CVB 3;MASC;PRO;SG ADP N V;V.CVB 3;MASC;PRO;SG N DET PART V;V.CVB 3;MASC;PRO;SG N DET PART V;V.CVB 3;MASC;PRO;SG V 3;MASC;PRO;SG _
ሹራብ ኡ ን ልበስ ኢ !	ሹራብ ኡ ን ልበስ ኢ !	N DET PART V 2;FEM;PRO;SG _
ማንም ወደ ከተማ ን ኧው መሄድ የ ኣል ኧ ብ ኧት ።	ማንም ወደ ከተማ ን ኧው መሄድ የ ኣል ኧ ብ ኧት ።	PRO ADP N V 3;PRO;SG N;V.MSDR PART V 3;MASC;PRO;SG ADP 3;MASC;PRO;SG _
አገር ኡ ተወር ኦ ኣል ።	አገር ኡ ተወር ኦ ኣል ።	N DET PASS;V 3;MASC;PRO;SG V _
ጨው ን ብ ት ኣቀብል ኧኝ ?	ጨው ን ብ ት ኣቀብል ኧኝ ?	N PART CONJ 3;FEM;PRO;SG V 1;PRO;SG _
አስተማሪ ው ለ ተማሪዎች መፅሀፍ ሰጥ ኧ ኣቸው ።	አስተማሪ ው ለ ተማሪዎች መፅሀፍ ሰጥ ኧ ኣቸው ።	N DET ADP N;PL N V 3;MASC;PRO;SG 3;PL;PRO _
ከ እኔ በለጥ ኧች ።	ከ እኔ በለጥ ኧች ።	ADP PRO V 3;FEM;PRO;SG _
ሙግት ኤ ን ተረታ ሁ ።	ሙግት ኤ ን ተረታ ሁ ።	N 1;PRO;SG PART PASS;V 1;PRO;SG _
ቆንጆ ልጅ ነበር ኧች ።	ቆንጆ ልጅ ነበር ኧች ።	ADJ N V 3;FEM;PRO;SG _
ሳህን ተሰበር ኧ ል ኣት ።	ሳህን ተሰበር ኧ ል ኣት ።	N PASS;V 3;MASC;PRO;SG ADP;BEN 3;FEM;PRO;SG _
ኩባንያ ው እስከ ኣል አባረረ ው ድረስ ይ ቆይ ኣል ።	ኩባንያ ው እስከ ኣል አባረረ ው ድረስ ይ ቆይ ኣል ።	N DET CONJ NEG;PART V 3;MASC;PRO;SG CONJ 3;MASC;PRO;SG V V _
የኔ~ቢጤ ው ስ ይ ለማምን ውል ኦ ቤተ ክርስቲያን ይ ኣድር ኣል ።	የኔ~ቢጤ ው ስ ይ ለማምን ውል ኦ ቤተ ክርስቲያን ይ ኣድር ኣል ።	N DET CONJ 3;MASC;PRO;SG V V 3;MASC;PRO;SG N N 3;MASC;PRO;SG V V _
በግ ገዛ ህ ወይ ?	በግ ገዛ ህ ወይ ?	N V 2;MASC;PRO;SG INTJ _
ዶሮዎች ኡ ቆጥ ላይ ሰፈር ኡ ።	ዶሮዎች ኡ ቆጥ ላይ ሰፈር ኡ ።	N;PL DET N ADP V 3;PL;PRO _
በ ኣል ይ ጠን ኣ ይ ተሻለ ው ነበር ።	በ ኣል ይ ጠን ኣ ይ ተሻለ ው ነበር ።	CONJ NEG;PART 3;MASC;PRO;SG V 3;FEM;PRO;SG 3;MASC;PRO;SG PASS;V 3;MASC;PRO;SG V _
መታመም ኡ ን እንደ ነገር ኧ ኝ መጣ ሁ ።	መታመም ኡ ን እንደ ነገር ኧ ኝ መጣ ሁ ።	N;V.MSDR DET PART ADP V 3;MASC;PRO;SG 1;NEUT;PRO;SG V 1;NEUT;PRO;SG _
ስልክ ደወል ክ ወይ ?	ስልክ ደወል ክ ወይ ?	N V 2;MASC;PRO;SG INTJ _
ለ ከበደ ገንዘብ ሰጥ ኧሁ ት ።	ለ ከበደ ገንዘብ ሰጥ ኧሁ ት ።	ADP PROPN N V 1;PRO;SG 3;MASC;PRO;SG _
ወንበር ላይ ተቀምጥ ኦ ውሃ አፈሰስ ኧች ብ ኧት ።	ወንበር ላይ ተቀምጥ ኦ ውሃ አፈሰስ ኧች ብ ኧት ።	N ADP;ESS V;V.CVB 3;MASC;PRO;SG N CAUS;V 3;FEM;PRO;SG ADP 3;MASC;PRO;SG _
ልጅ ኡ ሱቅ ኡ ን መዝረፍ ኡ ን በ ተናዘዝ ኧ ጊዜ እናት ኡ በጣም አዘን ኧች ።	ልጅ ኡ ሱቅ ኡ ን መዝረፍ ኡ ን በ ተናዘዝ ኧ ጊዜ እናት ኡ በጣም አዘን ኧች ።	N DET N DET PART N;V.MSDR 3;MASC;PRO;SG PART ADP PASS;V 3;MASC;PRO;SG N N 3;MASC;PRO;SG ADV V 3;FEM;PRO;SG _
በ ኣስር ደቂቃ ውስጥ እ መጣ ኣል ኧሁ ኣል ኧ ።	በ ኣስር ደቂቃ ውስጥ እ መጣ ኣል ኧሁ ኣል ኧ ።	ADP NUM N ADP 1;PRO;SG V V 1;NEUT;PRO;SG V 3;MASC;PRO;SG _
ወንዝ ኡ ደረቅ ኧ ።	ወንዝ ኡ ደረቅ ኧ ።	N DET V 3;MASC;PRO;SG _
ገመድ ኡ ን አስረዘም ኧ ው ።	ገመድ ኡ ን አስረዘም ኧ ው ።	N DET PART CAUS;V 3;MASC;PRO;SG 3;MASC;PRO;SG _
ስምንት ይ ኣህል መጽሐፍ ኣል ኡ ኝ ።	ስምንት ይ ኣህል መጽሐፍ ኣል ኡ ኝ ።	NUM 3;MASC;PRO;SG V N V 3;PL;PRO 1;PRO;SG _
ስጋ ው ሁለት ኪሎ ይ መዝን ኣል ።	ስጋ ው ሁለት ኪሎ ይ መዝን ኣል ።	N DET NUM N 3;MASC;PRO;SG V V _
አባት ና እናት ኡ ን እየ ጠየቅ ኧ ይ መላስ ኣል ።	አባት ና እናት ኡ ን እየ ጠየቅ ኧ ይ መላስ ኣል ።	N CONJ N 3;MASC;PRO;SG PART V V 3;MASC;PRO;SG 3;MASC;PRO;SG V V _
ካሳ አልማዝ ን መፅሐፍ አስሸለም ኧ ኣት ።	ካሳ አልማዝ ን መፅሐፍ አስሸለም ኧ ኣት ።	PROPN PROPN PART N CAUS;V 3;MASC;PRO;SG 3;FEM;PRO;SG _
የ መጣ ሁ ት መጽሐፍ ኡ ን ለ እሱ ለ መስጠት ን ኧው ።	የ መጣ ሁ ት መጽሐፍ ኡ ን ለ እሱ ለ መስጠት ን ኧው ።	PART V 1;PRO;SG 3;MASC;PRO;SG N DET PART ADP PRO ADP N;V.MSDR V 3;PRO;SG _
ራብ ኧ ኝ ።	ራብ ኧ ኝ ።	V 3;MASC;PRO;SG 1;NEUT;PRO;SG _
መጽሐፎች ኣል ነበር ኡ ኝ ም ።	መጽሐፎች ኣል ነበር ኡ ኝ ም ።	N;PL NEG;PART V 3;PL;PRO 1;NEUT;PRO;SG PART _
ውድድር ኡ ን ማሸነፍ ኡ አስደሰት ኧ ው ።	ውድድር ኡ ን ማሸነፍ ኡ አስደሰት ኧ ው ።	N DET PART N;V.MSDR 3;MASC;PRO;SG CAUS;V 3;MASC;PRO;SG 3;MASC;PRO;SG _
ካሳ ዜና ው ን ለ አለም ገር ኧ ኣት ።	ካሳ ዜና ው ን ለ አለም ገር ኧ ኣት ።	PROPN N DET PART ADP PROPN V 3;MASC;PRO;SG 3;FEM;PRO;SG _
አል ኣግዝ ኧኝ ኣል ኧች ።	አል ኣግዝ ኧኝ ኣል ኧች ።	NEG;PART V 1;PRO;SG V 3;FEM;PRO;SG _
ትንሽ ዋ ቤት ስ ብ ት ሆን ለ ሁል ኣችን ም ኣል ት በቃ ም ?	ትንሽ ዋ ቤት ስ ብ ት ሆን ለ ሁል ኣችን ም ኣል ት በቃ ም ?	ADJ DET N CONJ CONJ 3;FEM;PRO;SG V ADP N 1;PL;PRO CONJ NEG;PART 3;FEM;PRO;SG V PART _
ሴቶች ኡ ሰከር ኡ ።	ሴቶች ኡ ሰከር ኡ ።	N;PL DET V 3;PL;PRO _
ልጅ ኡ ወደቅ ኧ ።	ልጅ ኡ ወደቅ ኧ ።	N DET V 3;MASC;PRO;SG _
ክረምት ብዙ ዝናብ የ እም ይ ዘንብ ብ ኧት ወራት ን ኧው ።	ክረምት ብዙ ዝናብ የ እም ይ ዘንብ ብ ኧት ወራት ን ኧው ።	N NUM N PART PART 3;MASC;PRO;SG V ADP 3;MASC;PRO;SG N V 3;PRO;SG _
መንገድ ኡ ጎንደር ይ ደርስ ኣል ።	መንገድ ኡ ጎንደር ይ ደርስ ኣል ።	N DET N 3;MASC;PRO;SG V V _
ነጋዴ ው ከሳስር ኦ ኣል ።	ነጋዴ ው ከሳስር ኦ ኣል ።	N DET V 3;MASC;PRO;SG V _
የ እኔ ውሻ ሞት ኧ ።	የ እኔ ውሻ ሞት ኧ ።	ADP PRO N V 3;MASC;PRO;SG _
ከ ሰዓት በኋላ አግዝ ሽ ኣል ሁ ብል ኦ ኣል በል ኣ_ት ።	ከ ሰዓት በኋላ አግዝ ሽ ኣል ሁ ብል ኦ ኣል በል ኣ_ት ።	ADP N ADP V 2;FEM;PRO;SG V 1;NEUT;PRO;SG V 3;MASC;PRO;SG V V 3;FEM;PRO;SG _
የ እሱ አዲስ አበባ መሄድ ኣል ይ ጠቅም ኧን ም ።	የ እሱ አዲስ አበባ መሄድ ኣል ይ ጠቅም ኧን ም ።	ADP PRO ADJ PROPN N;V.MSDR NEG;PART 3;MASC;PRO;SG V 1;PL;PRO PART _
አልማዝ ልጅ ዋ ን አስተኛ ኧች ።	አልማዝ ልጅ ዋ ን አስተኛ ኧች ።	PROPN N 3;FEM;PRO;SG PART CAUS;V 3;FEM;PRO;SG _
ከ ሀብታም አጎት ኤ ገንዘብ አገኝ ኣል ኧሁ ብል ኦ ተስፋ ይ ኣደርግ ኣል ።	ከ ሀብታም አጎት ኤ ገንዘብ አገኝ ኣል ኧሁ ብል ኦ ተስፋ ይ ኣደርግ ኣል ።	ADP ADJ N 1;PRO;SG N V V 1;PRO;SG V;V.CVB 3;MASC;PRO;SG N 3;MASC;PRO;SG V V _
ሦስት ቀን ይ ኬድ ና በ አራተኛ ው ይ ደረስ ኣል ።	ሦስት ቀን ይ ኬድ ና በ አራተኛ ው ይ ደረስ ኣል ።	NUM N 3;MASC;PRO;SG V CONJ ADP NUM DET 3;MASC;PRO;SG V V _
ራቁት ኡ ን ተኛ ኧ ።	ራቁት ኡ ን ተኛ ኧ ።	N 3;MASC;PRO;SG PART V 3;MASC;PRO;SG _
አስቴር ጥፋት ዋ ን አምን ኣል ኧች ።	አስቴር ጥፋት ዋ ን አምን ኣል ኧች ።	PROPN N 3;FEM;PRO;SG PART V V 3;FEM;PRO;SG _
ካሳ ተደሰት ኧ ።	ካሳ ተደሰት ኧ ።	PROPN PASS;V 3;MASC;PRO;SG _
ቀዳዳ ው ን መወተፊያ ቡትቶ ፈልግ ኢ ።	ቀዳዳ ው ን መወተፊያ ቡትቶ ፈልግ ኢ ።	N DET PART N;V.MSDR N V 2;DU;FEM;PRO _
እሳት ኡ ን ከሰል ጨምር ብ ኧት !	እሳት ኡ ን ከሰል ጨምር ብ ኧት !	N DET PART N IMP;V ADP 3;MASC;PRO;SG _
ለ ወንድም ዋ ፍየል ገዝት ኣ ወደ ጎጃም ለ ሰርግ ት መጣ ኣል ኧች ።	ለ ወንድም ዋ ፍየል ገዝት ኣ ወደ ጎጃም ለ ሰርግ ት መጣ ኣል ኧች ።	ADP;BEN N 3;FEM;PRO;SG N V;V.CVB 3;FEM;PRO;SG ADP;ESS PROPN ADP;BEN N 3;FEM;PRO;SG V V 3;FEM;PRO;SG _
ካሳ ልጅ ወለድ ኧ ።	ካሳ ልጅ ወለድ ኧ ።	PROPN N V 3;MASC;PRO;SG _
አለቀስ ኧች ።	አለቀስ ኧች ።	V 3;FEM;PRO;SG _
ካሳ ክፉኛ ታም ኦ ኣል ።	ካሳ ክፉኛ ታም ኦ ኣል ።	PROPN ADV V 3;MASC;PRO;SG V _
አስቴር አልጋ ላይ ተኛ ኧች ።	አስቴር አልጋ ላይ ተኛ ኧች ።	PROPN N ADP V 3;FEM;PRO;SG _
አጋዘኖች በ ትዮጵያ ሜዳዎች ላይ ይ ዘዋወር ኣል ኡ ።	አጋዘኖች በ ትዮጵያ ሜዳዎች ላይ ይ ዘዋወር ኣል ኡ ።	N;PL ADP N N;PL ADP 3;MASC;PRO;SG V V 3;PL;PRO _
አል ረዳ ህ ም ኣለ ኧች ኝ ።	አል ረዳ ህ ም ኣለ ኧች ኝ ።	NEG;PART V 2;MASC;PRO;SG PART V 3;FEM;PRO;SG 1;PRO;SG _
እስከ ኣሁን እንዴት እዚህ ቆይ ኧህ ?	እስከ ኣሁን እንዴት እዚህ ቆይ ኧህ ?	ADP N PRO DET V 2;MASC;PRO;SG _
ቤት ህ ን ስ ኣል ት ቆልፍ እየሄድ ክ አንድ ቀን እቃ ህ ሁሉ ተወሳጅ ን ኧው ።	ቤት ህ ን ስ ኣል ት ቆልፍ እየሄድ ክ አንድ ቀን እቃ ህ ሁሉ ተወሳጅ ን ኧው ።	N 2;MASC;PRO;SG PART CONJ NEG;PART 3;FEM;PRO;SG V V 2;MASC;PRO;SG NUM N N 2;MASC;PRO;SG ADV N V 3;PRO;SG _
ትምህርት ዋ ን መጨረስ ዋ ን ኧው ።	ትምህርት ዋ ን መጨረስ ዋ ን ኧው ።	N 3;FEM;PRO;SG PART N;V.MSDR 3;FEM;PRO;SG V 3;PRO;SG _
ብር በ እም ታገኝ በ ት ጊዜ ት ከፍል ህ ኣል ኧች ።	ብር በ እም ታገኝ በ ት ጊዜ ት ከፍል ህ ኣል ኧች ።	N PART PART V ADP;BEN 3;MASC;PRO;SG N 3;FEM;PRO;SG V 2;MASC;PRO;SG V 3;FEM;PRO;SG _
ገንዘብ ለመን ኧች ።	ገንዘብ ለመን ኧች ።	N V 3;FEM;PRO;SG _
መሄድ ዋ ሚስጥር ን ኧው ።	መሄድ ዋ ሚስጥር ን ኧው ።	N;V.MSDR 3;FEM;PRO;SG N V 3;PRO;SG _
ካሳ ና ሀይሉ በ ጅት ዋ ምክንያት ድንጋይ ተወራውር ኡ ።	ካሳ ና ሀይሉ በ ጅት ዋ ምክንያት ድንጋይ ተወራውር ኡ ።	PROPN CONJ PROPN ADP N DET N N RECP;V 3;PL;PRO _
ለ መጋባት ስለ መወሰን ኣቸው የ ሰማ ሁ ት ነገር የል ኧ ም ።	ለ መጋባት ስለ መወሰን ኣቸው የ ሰማ ሁ ት ነገር የል ኧ ም ።	ADP N ADP V;V.MSDR 3;PL;PRO PART V 1;PRO;SG 3;MASC;PRO;SG N V 3;MASC;PRO;SG PART _
ትምህርት በ ሌል ኧ በ ት ጧት ተነስት ኣ የት ሄድ ኧች ?	ትምህርት በ ሌል ኧ በ ት ጧት ተነስት ኣ የት ሄድ ኧች ?	N ADP V 3;MASC;PRO;SG ADP 3;MASC;PRO;SG N V 3;FEM;PRO;SG PRO V 3;FEM;PRO;SG _
ለ እዚህ መንግስ መስራት መሠቃይት ን ኧው ።	ለ እዚህ መንግስ መስራት መሠቃይት ን ኧው ።	ADP;AT+ABL DET N N;V.MSDR N;V.MSDR V 3;PRO;SG _
አሸዋ መንገድ ላይ ኣል ኧ ።	አሸዋ መንገድ ላይ ኣል ኧ ።	N N ADP V 3;MASC;PRO;SG _
ሥራ ው እሰከ ተሠራ ድርስ ግድ የለ ኝ ም ።	ሥራ ው እሰከ ተሠራ ድርስ ግድ የለ ኝ ም ።	N DET ADP;ESS PASS;V ADP V V 1;PRO;SG PART _
ከ እኔ ጋር ብ ኣል ት ሄድ ይ ሻል ኧኝ ኣል ።	ከ እኔ ጋር ብ ኣል ት ሄድ ይ ሻል ኧኝ ኣል ።	ADP PRO ADP CONJ NEG;PART 3;FEM;PRO;SG V 3;MASC;PRO;SG V 1;PRO;SG V _
ድመት ዋ ን የ ወሰድ ኩ ኣት እኔ ን ኧኝ ።	ድመት ዋ ን የ ወሰድ ኩ ኣት እኔ ን ኧኝ ።	N DET PART PART V 1;PRO;SG 3;FEM;PRO;SG PRO V 1;PRO;SG _
ፍየል ገዝ ኡ ል ኣት ።	ፍየል ገዝ ኡ ል ኣት ።	N V 3;PL;PRO ADP 3;FEM;PRO;SG _
ወንዝ ኡ ምን ያህል ይ ረዝም ኣል ?	ወንዝ ኡ ምን ያህል ይ ረዝም ኣል ?	N DET ADV ADJ 3;MASC;PRO;SG V V _
ለ ኣንድ ሰዓት ይ ኣህል እዚህ ብ ት ቆይ ?	ለ ኣንድ ሰዓት ይ ኣህል እዚህ ብ ት ቆይ ?	ADP NUM N 3;MASC;PRO;SG V DET CONJ 3;FEM;PRO;SG V _
ነብር ኡ ተገደል ኧ ።	ነብር ኡ ተገደል ኧ ።	N DET PASS;V 3;MASC;PRO;SG _
ብዙ ህፃናት ያለ ረዳት ይ ኣድግ ኣል ኡ ።	ብዙ ህፃናት ያለ ረዳት ይ ኣድግ ኣል ኡ ።	DET N NEG;PART N 3;MASC;PRO;SG V V 3;NEUT;PL;PRO _
ጤና ዎ ን ስ እንደ ምን ን ኧ ዎ ት ?	ጤና ዎ ን ስ እንደ ምን ን ኧ ዎ ት ?	N 2;PRO;SG PART INTJ ADP PRO V 2;PRO;SG 2;PRO;SG 3;MASC;PRO;SG _
ወንድም ኤ ን ይ አውቅ ኧው ኣል ።	ወንድም ኤ ን ይ አውቅ ኧው ኣል ።	N 3;MASC;PRO;SG PART 3;MASC;PRO;SG V 3;PRO;SG V _
ጊዜ ም ሆን ኧ ገንዘብ የለ ኝ ም ።	ጊዜ ም ሆን ኧ ገንዘብ የለ ኝ ም ።	N CONJ V 3;MASC;PRO;SG N V 1;PRO;SG PART _
ቃዥ ኧ ።	ቃዥ ኧ ።	V 3;MASC;PRO;SG _
ሌላ ስ የት ሄድ ክ ?	ሌላ ስ የት ሄድ ክ ?	N INTJ PRO V 2;MASC;PRO;SG _
አንቅ ኧው ገደል ኡ ት ።	አንቅ ኧው ገደል ኡ ት ።	V 3;PRO;SG V 3;PL;PRO 3;MASC;PRO;SG _
ተቀመጥ እንጂ !	ተቀመጥ እንጂ !	IMP;PASS;V INTJ _
ልጅ ኡ ተኛ ኧ ።	ልጅ ኡ ተኛ ኧ ።	N DET V 3;MASC;PRO;SG _
ወጥ አውጣ ኢ !	ወጥ አውጣ ኢ !	N IMP;V 2;FEM;PRO;SG _
ሰብር ኦ ወረወር ኧ ው ።	ሰብር ኦ ወረወር ኧ ው ።	V;V.CVB 3;MASC;PRO;SG V 3;MASC;PRO;SG 3;MASC;PRO;SG _
እንድ ት መጣ ሰው ል ልክ ብ ህ ነበር ።	እንድ ት መጣ ሰው ል ልክ ብ ህ ነበር ።	CONJ 3;FEM;PRO;SG V N CONJ V ADP 2;MASC;PRO;SG V _
ኣል ይ ዘፍን ም ም ኣል ይ ደንስ ም ም ።	ኣል ይ ዘፍን ም ም ኣል ይ ደንስ ም ም ።	NEG;PART 3;MASC;PRO;SG V PART CONJ NEG;PART 3;MASC;PRO;SG V PART CONJ _
ፈረስ ከ ገዛ ኧ ል ኣት በኋላ መጣ ኧ ።	ፈረስ ከ ገዛ ኧ ል ኣት በኋላ መጣ ኧ ።	N ADP;ESS V 3;MASC;PRO;SG ADP;BEN 3;FEM;PRO;SG ADP V 3;MASC;PRO;SG _
ካሳ ጎበዝ ይ መስል ኣል ።	ካሳ ጎበዝ ይ መስል ኣል ።	PROPN ADJ 3;MASC;PRO;SG V V _
አስቴር ወደ ትምህርት ቤት የ ሄድ ኧች ይ መስል ኣል ።	አስቴር ወደ ትምህርት ቤት የ ሄድ ኧች ይ መስል ኣል ።	PROPN ADP N N CONJ V 3;FEM;PRO;SG 3;MASC;PRO;SG V V _
በ ብዙ አምባጓሮ የ ተነሣ ፊት ኡ ተቦጫጭር ኦ ኣል ።	በ ብዙ አምባጓሮ የ ተነሣ ፊት ኡ ተቦጫጭር ኦ ኣል ።	ADP ADJ N CONJ V N 3;MASC;PRO;SG PASS;V 3;MASC;PRO;SG V _
መስመር ኡ ን ወደ እኔ አሰመር ኧች ።	መስመር ኡ ን ወደ እኔ አሰመር ኧች ።	N DET PART ADP PRO V 3;FEM;PRO;SG _
ይህ መርዝ ገድል ኦ ት ይ ሆን ኣል ።	ይህ መርዝ ገድል ኦ ት ይ ሆን ኣል ።	DET N V 3;MASC;PRO;SG 3;MASC;PRO;SG 3;MASC;PRO;SG V V _
ተማሪዎች ኡ በ እየ ተቀመጥ ኡ በ ት ሥራ በ መሥራት ላይ ን ኣቸው ።	ተማሪዎች ኡ በ እየ ተቀመጥ ኡ በ ት ሥራ በ መሥራት ላይ ን ኣቸው ።	N;PL DET PART ADP PASS;V 3;PL;PRO ADP;ESS 3;MASC;PRO;SG N ADP N;V.MSDR ADP V 3;PL;PRO _
የ እም ት ደንሽ ኢ ው ?	የ እም ት ደንሽ ኢ ው ?	PART PART 3;FEM;PRO;SG V 2;FEM;PRO;SG 3;MASC;PRO;SG _
ሚስጢር ኡ ገባ ኧ ኝ ።	ሚስጢር ኡ ገባ ኧ ኝ ።	N DET V 3;MASC;PRO;SG 3;NEUT;PRO;SG _
ወደ ቤተ መጻሕፍት የ እም ት ሄድ ከ ሆን ኧ ይህን መጽሐፍ መልስ ል ኝ ።	ወደ ቤተ መጻሕፍት የ እም ት ሄድ ከ ሆን ኧ ይህን መጽሐፍ መልስ ል ኝ ።	ADP N N PART PART 3;FEM;PRO;SG V ADP V 3;MASC;PRO;SG DET N V ADP;BEN 1;MASC+FEM;PRO;SG _
ከበደ ሁለት ኡ ን ጓደኞች አጋደል ኣቸው ።	ከበደ ሁለት ኡ ን ጓደኞች አጋደል ኣቸው ።	PROPN NUM DET PART N;PL RECP;V 3;PL;PRO _
ዘል ኦ ገባ ኧ ።	ዘል ኦ ገባ ኧ ።	V 3;MASC;PRO;SG V 3;MASC;PRO;SG _
ካሳ በግ ኣል ገዛ ኧ ም እንዴ ?	ካሳ በግ ኣል ገዛ ኧ ም እንዴ ?	PROPN N NEG;PART V 3;MASC;PRO;SG PART INTJ _
አስቴር ተሹም ኣል ኧች ።	አስቴር ተሹም ኣል ኧች ።	PROPN PASS;V V 3;FEM;PRO;SG _
በ ርግጥ ካሳ ትናንት ወደ ጎንደር ሄድ ኦ ኣል ።	በ ርግጥ ካሳ ትናንት ወደ ጎንደር ሄድ ኦ ኣል ።	ADP N PROPN ADV ADP PROPN V 3;MASC;PRO;SG V _
ለ እም ይ ኣስፈልግ ኧኝ ነገር ሁሉ ደጋፊ ኤ እሱ ን ኧው ።	ለ እም ይ ኣስፈልግ ኧኝ ነገር ሁሉ ደጋፊ ኤ እሱ ን ኧው ።	ADP PART 3;MASC;PRO;SG V 1;PRO;SG N ADJ N 1;PRO;SG PRO V 3;PRO;SG _
ሱቅ እሁድ እሁድ ክፍት መሆን ኣለ ብ ኧት ።	ሱቅ እሁድ እሁድ ክፍት መሆን ኣለ ብ ኧት ።	N N N ADJ N;V.MSDR V ADP 3;MASC;PRO;SG _
ምነው ይህን ያህል ብ አይ በላ ኧ ስ ።	ምነው ይህን ያህል ብ አይ በላ ኧ ስ ።	INTJ DET N CONJ NEG;PART V 3;MASC;PRO;SG INTJ _
ካሳ በ ፍፁም በ መኪና ወደ ትምህርት ቤት ኣል ይ ሄድ ም ።	ካሳ በ ፍፁም በ መኪና ወደ ትምህርት ቤት ኣል ይ ሄድ ም ።	PROPN ADP ADV ADP N ADP N N NEG;PART 3;MASC;PRO;SG V PART _
ወገብ ኤ ን ቀስ ብል ኧሽ እሽ ኢ ል ኝ ።	ወገብ ኤ ን ቀስ ብል ኧሽ እሽ ኢ ል ኝ ።	N 1;PRO;SG PART ADV V 2;FEM;PRO;SG V 2;FEM;PRO;SG ADP;BEN 1;PRO;SG _
ከ እዚህ ችግር ብ እ ገላገል እ ወድ ነበር ።	ከ እዚህ ችግር ብ እ ገላገል እ ወድ ነበር ።	ADP DET N ADP 1;PRO;SG V 1;PRO;SG V V _
እየሰራር ኣ ራስ ኡ ን ችል ኦ ኣል ።	እየሰራር ኣ ራስ ኡ ን ችል ኦ ኣል ።	V;V.CVB 3;FEM;PRO;SG N 3;MASC;PRO;SG PART V 3;MASC;PRO;SG V _
የ ኣገኘ ው የ ተመኝ ኧ ው ን ን ኧው ።	የ ኣገኘ ው የ ተመኝ ኧ ው ን ን ኧው ።	PART V 3;MASC;PRO;SG PART PASS;V 3;MASC;PRO;SG 3;MASC;PRO;SG PART V 3;PRO;SG _
ምሳ ው ን የ ኣል በላ ኧ እንደ ሆን ኧ እንድ ይ ጫወት ኣል ት ፍቀድ ል ኧት ።	ምሳ ው ን የ ኣል በላ ኧ እንደ ሆን ኧ እንድ ይ ጫወት ኣል ት ፍቀድ ል ኧት ።	N 3;MASC;PRO;SG PART PART NEG;PART V 3;MASC;PRO;SG CONJ V 3;MASC;PRO;SG CONJ 3;MASC;PRO;SG V NEG;PART 3;FEM;PRO;SG V ADP 3;MASC;PRO;SG _
አልማዝ ለ ልደት ዋ ገንዘብ ተሸለም ኧች ።	አልማዝ ለ ልደት ዋ ገንዘብ ተሸለም ኧች ።	PROPN ADP N 3;FEM;PRO;SG N PASS;V 3;FEM;PRO;SG _
ከ እኛ ጋር እንደ እም ት ቆይ መቼ ስ የ ታወቅ ኧ ን ኧው ።	ከ እኛ ጋር እንደ እም ት ቆይ መቼ ስ የ ታወቅ ኧ ን ኧው ።	ADP PRO ADP CONJ PART 3;FEM;PRO;SG V PRO INTJ PART V 3;MASC;PRO;SG V 3;PRO;SG _
አዳዲስ ልብስ መልበስ ይ ወድድ ኣል ።	አዳዲስ ልብስ መልበስ ይ ወድድ ኣል ።	ADJ N N;V.MSDR 3;MASC;PRO;SG V V _
የ ልጅ ኡ ቤት እዚህ ን ኧው ።	የ ልጅ ኡ ቤት እዚህ ን ኧው ።	ADP N DET N ADV V 3;PRO;SG _
አልማዝ ምሳ ዋ ን በልት ኣ ተኛ ኧች ።	አልማዝ ምሳ ዋ ን በልት ኣ ተኛ ኧች ።	PROPN N 3;FEM;PRO;SG PART V;V.CVB 3;FEM;PRO;SG PASS;V 3;FEM;PRO;SG _
ካሳ ቤት ውስጥ ኣል ኧ ።	ካሳ ቤት ውስጥ ኣል ኧ ።	PROPN N ADP V 3;MASC;PRO;SG _
ከ እናት ኡ ጋር ምሳ የ በላ ው ካሳ አይደል ኧ ም ።	ከ እናት ኡ ጋር ምሳ የ በላ ው ካሳ አይደል ኧ ም ።	ADP N DET ADP N PART V DET PROPN V 3;MASC;PRO;SG PART _
አባት ህ የ መጣ እንደ ሆን ኧ እንጃ ል ህ !	አባት ህ የ መጣ እንደ ሆን ኧ እንጃ ል ህ !	N 2;MASC;PRO;SG PART V ADP V 3;MASC;PRO;SG V ADP;BEN 2;MASC;PRO;SG _
ልብስ ኡ ን ለወጥ ኧ ።	ልብስ ኡ ን ለወጥ ኧ ።	N DET PART V 3;MASC;PRO;SG _
ኃይሉ መምጣት ኣል ይ ችል ም እኔ ም እንዲሁ ።	ኃይሉ መምጣት ኣል ይ ችል ም እኔ ም እንዲሁ ።	PROPN N;V.MSDR NEG;PART 3;MASC;PRO;SG V PART PRO CONJ ADV _
መፅሐፍ አነበብ ኧች ።	መፅሐፍ አነበብ ኧች ።	N V 3;FEM;PRO;SG _
ልጅ ኡ የ ሸጥ ኧ ው መጽሐፍ ትልቅ ን ኧው ።	ልጅ ኡ የ ሸጥ ኧ ው መጽሐፍ ትልቅ ን ኧው ።	N DET PART V 3;MASC;PRO;SG DET N ADJ V 3;PRO;SG _
ወደ ተራራ ው ለ መድረስ ሁለት ቀን ፈጅ ኧ ብ ኣቸው ።	ወደ ተራራ ው ለ መድረስ ሁለት ቀን ፈጅ ኧ ብ ኣቸው ።	ADP N DET ADP N;V.MSDR NUM N V 3;MASC;PRO;SG ADP 3;NEUT;PL;PRO _
ወደድ ክ ም ጠላ ህ ም እሷ እንደ ሆን መምጣት ዋ ኣል ይ ቀር ም ።	ወደድ ክ ም ጠላ ህ ም እሷ እንደ ሆን መምጣት ዋ ኣል ይ ቀር ም ።	V 2;MASC;PRO;SG CONJ V 2;MASC;PRO;SG CONJ PRO CONJ V V;V.MSDR 3;FEM;PRO;SG NEG;PART 3;MASC;PRO;SG V PART _
ምን ያህል ጊዜ አየ ህ ኣት ?	ምን ያህል ጊዜ አየ ህ ኣት ?	ADV ADJ N V 2;MASC;PRO;SG 3;FEM;PRO;SG _
ለ በዓል ኡ ጸጉር ዋ ን ሹሩባ ተሠር ኣች ።	ለ በዓል ኡ ጸጉር ዋ ን ሹሩባ ተሠር ኣች ።	ADP N DET N 3;FEM;PRO;SG PART N PASS;V 3;FEM;PRO;SG _
መሬት ኡ አረም አበቀል ኧ ።	መሬት ኡ አረም አበቀል ኧ ።	N DET N CAUS;V 3;MASC;PRO;SG _
ይች ን መታሰቢያ እንድ ይ ቀበል ኡ ኝ ።	ይች ን መታሰቢያ እንድ ይ ቀበል ኡ ኝ ።	DET PART N;V.MSDR ADP 3;MASC;PRO;SG PASS;V 3;PL;PRO 1;PRO;SG _
ልብስ እጠብ !	ልብስ እጠብ !	N V _
ሚስት ኡ ስ ብ ት ሆን ጎበዝ ገበሬ ን ኣት ።	ሚስት ኡ ስ ብ ት ሆን ጎበዝ ገበሬ ን ኣት ።	N 3;FEM;PRO;SG CONJ CONJ 3;FEM;PRO;SG V ADJ N V 3;FEM;PRO;SG _
ምሳ ው ን በልት ኦ ይ ሄድ ኣል ።	ምሳ ው ን በልት ኦ ይ ሄድ ኣል ።	N PRO PART V 3;MASC;PRO;SG 3;MASC;PRO;SG V V _
ልብስ ኤ ን ሸጭ ኤ እዳ ዬ ን መክፈል ነበር ኧ ብ ኝ ።	ልብስ ኤ ን ሸጭ ኤ እዳ ዬ ን መክፈል ነበር ኧ ብ ኝ ።	N 1;PRO;SG PART V 1;PRO;SG N 1;PRO;SG PART N;V.MSDR V 3;MASC;PRO;SG ADP 1;PRO;SG _
አስቴር የ ሄድ ኧች በ ት ሀገር የት ን ኧው ? ወዴት ን ኧው ?	አስቴር የ ሄድ ኧች በ ት ሀገር የት ን ኧው ? ወዴት ን ኧው ?	PROPN PART V 3;FEM;PRO;SG ADP 3;MASC;PRO;SG N PRO V 3;PRO;SG _ ADV V 3;PRO;SG _
ልጅ ኡ ኳስ ኡ ን አነስ ኣ ።	ልጅ ኡ ኳስ ኡ ን አነስ ኣ ።	N DET N DET PART V 3;FEM;PRO;SG _
ካሳ ጥይት ኡ ን ወደ እኔ አነጣጠር ኧ ።	ካሳ ጥይት ኡ ን ወደ እኔ አነጣጠር ኧ ።	PROPN N DET PART ADP PRO V 3;MASC;PRO;SG _
ከ ጋዜጣ በስተቀር ብዙ ም ኣል ይ ኣነብ ም ።	ከ ጋዜጣ በስተቀር ብዙ ም ኣል ይ ኣነብ ም ።	ADP N ADP ADV CONJ NEG;PART 3;MASC;PRO;SG V PART _
አባት ዋ ዛሬ ደራሽ ን ኧው ።	አባት ዋ ዛሬ ደራሽ ን ኧው ።	N 3;FEM;PRO;SG ADV N V 3;PRO;SG _
ልጅ ዋ ን ተንከባከብ ኧች ።	ልጅ ዋ ን ተንከባከብ ኧች ።	N 3;FEM;PRO;SG PART V 3;FEM;PRO;SG _
እ ተነስ ኣል ኧሁ ስ ይ ል አደናቀፍ ኧ ው ።	እ ተነስ ኣል ኧሁ ስ ይ ል አደናቀፍ ኧ ው ።	1;PRO;SG PASS;V V 1;PRO;SG CONJ 3;MASC;PRO;SG V V 3;MASC;PRO;SG 3;MASC;PRO;SG _
ማንበብ ም መጻፍ ም ኣል ይ ችል ም ።	ማንበብ ም መጻፍ ም ኣል ይ ችል ም ።	N CONJ N;V.MSDR CONJ NEG;PART 3;MASC;PRO;SG V PART _
አማርኛ ብ ይ ችል በ ተሻል ኧ ነበር ።	አማርኛ ብ ይ ችል በ ተሻል ኧ ነበር ።	N CONJ 3;MASC;PRO;SG V ADP PASS;V 3;MASC;PRO;SG V _
ማንም ለ ማንም ምንም አል ይ ሰጥ ም ።	ማንም ለ ማንም ምንም አል ይ ሰጥ ም ።	PRO ADP PRO PRO NEG;PART 3;MASC;PRO;SG V PART _
መንግስት ህዝብ ኡ እርስ በ እርስ አጋደል ኧ ።	መንግስት ህዝብ ኡ እርስ በ እርስ አጋደል ኧ ።	N N DET PRO ADP PRO RECP;V 3;MASC;PRO;SG _
ደስታ ዓይን ዋ ን አበር ኣ ው ።	ደስታ ዓይን ዋ ን አበር ኣ ው ።	N N 3;FEM;PRO;SG PART CAUS;V 3;FEM;PRO;SG 3;MASC;PRO;SG _
ከ ቤት አስወጣ ሁ ኣት ።	ከ ቤት አስወጣ ሁ ኣት ።	ADP;ESS N CAUS;V 1;PRO;SG 3;FEM;PRO;SG _
በር ኡ ን ከ ማለፍ ኡ ጩኸት ሰም ኣ ።	በር ኡ ን ከ ማለፍ ኡ ጩኸት ሰም ኣ ።	N DET PART ADP V;V.MSDR 3;MASC;PRO;SG N V 3;FEM;PRO;SG _
አስቴር ለ ልጅ ኡ ምግብ ኡ ን ሰር ኣች ል ኧት ።	አስቴር ለ ልጅ ኡ ምግብ ኡ ን ሰር ኣች ል ኧት ።	PROPN ADP;BEN N DET N DET PART V 3;FEM;PRO;SG ADP;BEN 3;MASC;PRO;SG _
ሐኪም ኡ የ ትርፍ~አንጀት በሽታ እንደ ኣል ኧ ብ ኝ ለ ማወቅ ሆድ ኤ ን ደባበስ ኧ ።	ሐኪም ኡ የ ትርፍ~አንጀት በሽታ እንደ ኣል ኧ ብ ኝ ለ ማወቅ ሆድ ኤ ን ደባበስ ኧ ።	N DET ADP N N CONJ V 3;MASC;PRO;SG ADP 1;NEUT;PRO;SG ADP N;V.MSDR N 3;MASC;PRO;SG PART V 3;MASC;PRO;SG _
ሹም ኡ ን በቅሎ ረገጥ ኧች ው ።	ሹም ኡ ን በቅሎ ረገጥ ኧች ው ።	N DET PART N V 3;FEM;PRO;SG 3;MASC;PRO;SG _
የ ትምህርት ኡ ን አስፈላጊነት እንዴት እንደ እ ምገልጽ እንጃ ል ኝ ።	የ ትምህርት ኡ ን አስፈላጊነት እንዴት እንደ እ ምገልጽ እንጃ ል ኝ ።	ADP N DET PART N PRO ADP 1;PRO;SG V INTJ ADP;BEN 1;PRO;SG _
ሹሮ ሠራርት ኣ ምሳ ዋ ን በላ ኧች ።	ሹሮ ሠራርት ኣ ምሳ ዋ ን በላ ኧች ።	N V;V.CVB 3;FEM;PRO;SG N 3;FEM;PRO;SG PART V 3;FEM;PRO;SG _
አልማዝ እንቅልፍ ወሰድ ኧ ኣት ።	አልማዝ እንቅልፍ ወሰድ ኧ ኣት ።	PROPN N V 3;MASC;PRO;SG 3;FEM;PRO;SG _
በቃ ኝ ኣለ ና ተነስት ኦ ሄድ ኧ ።	በቃ ኝ ኣለ ና ተነስት ኦ ሄድ ኧ ።	V 1;NEUT;PRO;SG V CONJ V;V.CVB 3;MASC;PRO;SG V 3;MASC;PRO;SG _
እንደ ማን ን ኧው የ እም ት ደንስ ኧ ው ?	እንደ ማን ን ኧው የ እም ት ደንስ ኧ ው ?	ADP PRO V 3;PRO;SG PART PART 3;FEM;PRO;SG V 3;MASC;PRO;SG 3;MASC;PRO;SG _
ማን ጫማ ገዛ ል ህ ?	ማን ጫማ ገዛ ል ህ ?	PRO N V ADP 2;MASC;PRO;SG _
ወታደር ም በ ኣለ_ቅኔ ም ን ኧው ።	ወታደር ም በ ኣለ_ቅኔ ም ን ኧው ።	N CONJ ADP N CONJ V 3;PRO;SG _
መቼ ም ይ ምጣ ኧ መች እራት ኡ ን ስ ኣል ይ በላ ኧ ኣል ይ ተኛ ።	መቼ ም ይ ምጣ ኧ መች እራት ኡ ን ስ ኣል ይ በላ ኧ ኣል ይ ተኛ ።	PRO CONJ 3;MASC;PRO;SG V 3;MASC;PRO;SG PRO N 3;MASC;PRO;SG PART CONJ V 3;MASC;PRO;SG V 3;MASC;PRO;SG NEG;PART 3;MASC;PRO;SG V _
መስኮት ኡ አል ከፈት ል ኝ ኣል ኧ ።	መስኮት ኡ አል ከፈት ል ኝ ኣል ኧ ።	N DET NEG;PART V ADP;BEN 1;PRO;SG V 3;MASC;PRO;SG _
አስቴር ክፉ ሴት ን ኧች ።	አስቴር ክፉ ሴት ን ኧች ።	PROPN ADJ N V 3;FEM;PRO;SG _
ዛሬ ሳ ምን ም ምግብ ኣል ት ቀምስ ም ?	ዛሬ ሳ ምን ም ምግብ ኣል ት ቀምስ ም ?	N INTJ PRO PART N NEG;PART 3;MASC;PRO;SG V PART _
ሽማግሌ ተላክ ኧ ብ ኧት ።	ሽማግሌ ተላክ ኧ ብ ኧት ።	N PASS;V 3;MASC;PRO;SG ADP 3;MASC;PRO;SG _
እዚህ ከ ኣለ ህ እራት አብር ኧ ን ብል ኣ ።	እዚህ ከ ኣለ ህ እራት አብር ኧ ን ብል ኣ ።	ADV CONJ V 2;MASC;PRO;SG N V 2;MASC;PRO;SG 1;MASC+FEM;PL;PRO V 3;FEM;PRO;SG _
እነሱ ሳር ኡ ን ይ ጨድ ኡ !	እነሱ ሳር ኡ ን ይ ጨድ ኡ !	PRO N DET PART 3;MASC;PRO;SG IMP;V 3;PL;PRO _
በቅሎዎች ኡ ስለ ደከም ኡ ጉዞ ው ን ኣል እን ቀጥል ።	በቅሎዎች ኡ ስለ ደከም ኡ ጉዞ ው ን ኣል እን ቀጥል ።	N;PL DET CONJ V 3;PL;PRO N DET PART NEG;PART 1;PL;PRO V _
ሱቆች ኡ ተዘግ ኡ ብ ኧት ።	ሱቆች ኡ ተዘግ ኡ ብ ኧት ።	N;PL DET PASS;V 3;PL;PRO ADP 3;MASC;PRO;SG _
አቧራ እንድ ኣል ይ ነካ ኧ ው በ ማለት ሥዕል ኡ ን በ ጨርቅ ሸፈን ኡ ት ።	አቧራ እንድ ኣል ይ ነካ ኧ ው በ ማለት ሥዕል ኡ ን በ ጨርቅ ሸፈን ኡ ት ።	N ADP NEG;PART 3;MASC;PRO;SG V 3;MASC;PRO;SG 3;MASC;PRO;SG ADP N N DET PART ADP N V 3;PL;PRO 3;MASC;PRO;SG _
ከ መምጣት ኡ ገበታ ላይ ጉብ ኣል ኧ ።	ከ መምጣት ኡ ገበታ ላይ ጉብ ኣል ኧ ።	ADP V;V.MSDR 3;MASC;PRO;SG N ADP V V 3;MASC;PRO;SG _
በ ድብድብ ል እ ሸነፍ ስ እ ል ደረስ ኧ ል ኝ ።	በ ድብድብ ል እ ሸነፍ ስ እ ል ደረስ ኧ ል ኝ ።	ADP N CONJ 1;PRO;SG V CONJ 1;PRO;SG V V 3;MASC;PRO;SG ADP;BEN 1;PRO;SG _
መፅሐፍ አነበብ ኧች ።	መፅሐፍ አነበብ ኧች ።	N V 3;FEM;PRO;SG _
አስቴር የ ሄድ ኧች በ ት መኪና ምንድ ን ን ኧው ?	አስቴር የ ሄድ ኧች በ ት መኪና ምንድ ን ን ኧው ?	PROPN PART V 3;FEM;PRO;SG ADP 3;MASC;PRO;SG N PRO PART V 3;PRO;SG _
ብድር ን ኧው እንዴ የ እም ይ ፈልግ ኡ ት ?	ብድር ን ኧው እንዴ የ እም ይ ፈልግ ኡ ት ?	N V 3;PRO;SG INTJ PART PART 3;MASC;PRO;SG V 3;PL;PRO 3;MASC;PRO;SG _
ካሳ ለ አልማዝ ቡና አሰፈላ ኧ ል ኣት ።	ካሳ ለ አልማዝ ቡና አሰፈላ ኧ ል ኣት ።	PROPN ADP;BEN PROPN N CAUS;V 3;MASC;PRO;SG ADP;BEN 3;FEM;PRO;SG _
ጧዋት ኡ ን በ ሙሉ ስ እ ላላክ ነበር ።	ጧዋት ኡ ን በ ሙሉ ስ እ ላላክ ነበር ።	N DET PART ADP ADJ CONJ 1;PRO;SG V V _
አዬ እባክ ህ ምን ም ኣል ተሻል ኧ ው ም ።	አዬ እባክ ህ ምን ም ኣል ተሻል ኧ ው ም ።	INTJ V 2;MASC;PRO;SG PRO CONJ NEG;PART PASS;V 3;MASC;PRO;SG 3;MASC;PRO;SG PART _
ቤት ን ኧው የ ገዛ ሁ ት ።	ቤት ን ኧው የ ገዛ ሁ ት ።	N V 3;PRO;SG PART V 1;NEUT;PRO;SG 3;MASC;PRO;SG _
ቢላ ው በቀለ ን እጅ ኡ ን ቆረጥ ኧ ው ።	ቢላ ው በቀለ ን እጅ ኡ ን ቆረጥ ኧ ው ።	N DET PROPN PART N 3;MASC;PRO;SG PART V 3;MASC;PRO;SG 3;MASC;PRO;SG _
በ መናገር ላይ እየ ኣለ ሁ መልስ ሰጥ ኧች ኝ ።	በ መናገር ላይ እየ ኣለ ሁ መልስ ሰጥ ኧች ኝ ።	ADP N;V.MSDR ADP CONJ V 1;MASC+FEM;PRO;SG N V 3;FEM;PRO;SG 1;MASC+FEM;PRO;SG _
በቀለ ማን ን አይ ኧ ?	በቀለ ማን ን አይ ኧ ?	PROPN PRO PART V 3;MASC;PRO;SG _
ከበደ ን እንጀራ አስበላ ሁ ት ።	ከበደ ን እንጀራ አስበላ ሁ ት ።	N PART N CAUS;V 1;NEUT;PRO;SG 3;MASC;PRO;SG _
ሰው ን የ መናቅ ጠባይ ኡ ን ኣል እ ወድ ል ኧት ም ።	ሰው ን የ መናቅ ጠባይ ኡ ን ኣል እ ወድ ል ኧት ም ።	N PART PART N;V.MSDR N 3;MASC;PRO;SG PART NEG;PART 1;PRO;SG V ADP;BEN 3;MASC;PL;PRO PART _
ሁለት ሰዓት ስ ኣል ይ በላ ኧ ብ ይ ቆይ ሆድ ኡ ን አመመ ው ።	ሁለት ሰዓት ስ ኣል ይ በላ ኧ ብ ይ ቆይ ሆድ ኡ ን አመመ ው ።	NUM N CONJ NEG;PART 3;MASC;PRO;SG V 3;MASC;PRO;SG CONJ 3;MASC;PRO;SG V N 3;MASC;PRO;SG PART V 3;MASC;PRO;SG _
አዲስ ልብስ ለበስ ኧ ።	አዲስ ልብስ ለበስ ኧ ።	ADJ N V 3;MASC;PRO;SG _
ደብተር ህ ን ላክ ል ኝ ።	ደብተር ህ ን ላክ ል ኝ ።	N 2;MASC;PRO;SG PART V ADP;BEN 1;PRO;SG _
ጎንበስ ኣል ኧች ።	ጎንበስ ኣል ኧች ።	V V 3;FEM;PRO;SG _
ይህ ልጅ መዳን ኡ ን እንጃ ?	ይህ ልጅ መዳን ኡ ን እንጃ ?	DET N N;V.MSDR 3;MASC;PRO;SG PART V _
ማን ከ ማን ጋር ምሳ በላ ኧ ?	ማን ከ ማን ጋር ምሳ በላ ኧ ?	PRO ADP PRO ADP N V 3;MASC;PRO;SG _
ወይዘሮ አስቴር ለ አውዳ ዓመት ምንም ልብስ አል ገዝ ኡ ም ።	ወይዘሮ አስቴር ለ አውዳ ዓመት ምንም ልብስ አል ገዝ ኡ ም ።	ADJ PROPN ADP N N PRO N NEG;PART V 3;PL;PRO PART _
ይቺ ሴትዮ እህል ከ ኣል በላ ኧች ሟች ን ኣት ።	ይቺ ሴትዮ እህል ከ ኣል በላ ኧች ሟች ን ኣት ።	DET N N ADP NEG;PART V 3;FEM;PRO;SG N V 3;FEM;PRO;SG _
የትኛው ን ም ብ ት መርጥ እ ገዝ ኣ ው ኣል ኧሁ ።	የትኛው ን ም ብ ት መርጥ እ ገዝ ኣ ው ኣል ኧሁ ።	PRO PART CONJ CONJ 3;FEM;PRO;SG V 1;PRO;SG V 1;PRO;SG 3;MASC;PRO;SG V 1;NEUT;PRO;SG _
ወንጀለኛ አስጠግት ኧህ ኣል ተብል ኦ ተይዝ ኦ ነበር ።	ወንጀለኛ አስጠግት ኧህ ኣል ተብል ኦ ተይዝ ኦ ነበር ።	N CAUS;V 2;MASC;PRO;SG V PASS;V;V.CVB 3;MASC;PRO;SG PASS;V;V.CVB 3;MASC;PRO;SG V _
ሰራተኞች ኡ ደሞዝ ኣቸው ን ወሰድ ኡ ።	ሰራተኞች ኡ ደሞዝ ኣቸው ን ወሰድ ኡ ።	N;PL DET N 3;PL;PRO PART V 3;PL;PRO _
ምግብ ኡ ጥሩ ብ ኣል ይ ሆን ም ራብ ኣቸው ን አስታገስ ኧ ል ን ።	ምግብ ኡ ጥሩ ብ ኣል ይ ሆን ም ራብ ኣቸው ን አስታገስ ኧ ል ን ።	N DET ADJ CONJ NEG;PART 3;MASC;PRO;SG V PART N 3;PL;PRO PART CAUS;V 3;MASC;PRO;SG ADP;BEN 1;PL;PRO _
ከ ቤት አስወጣ ሁ ኣት ።	ከ ቤት አስወጣ ሁ ኣት ።	ADP N CAUS;V 3;NEUT;PRO;SG 3;FEM;PRO;SG _
ይህ ጉዳይ እጅግ አሳሳቢ ን ኧው ።	ይህ ጉዳይ እጅግ አሳሳቢ ን ኧው ።	DET N ADJ ADJ V 3;PRO;SG _
ምን ም ጐበዝ ብ ይ ሆን መሸነፍ ኡ ኣል ይ ቀር ም ።	ምን ም ጐበዝ ብ ይ ሆን መሸነፍ ኡ ኣል ይ ቀር ም ።	PRO PART ADJ ADP 3;MASC;PRO;SG V N;V.MSDR 3;MASC;PRO;SG NEG;PART 3;MASC;PRO;SG V PART _
ወደ ከተማ ተጓዝ ኧ ።	ወደ ከተማ ተጓዝ ኧ ።	ADP N V 3;MASC;PRO;SG _
አስቴር ወደ ቤት ዋ መሄድ የ ፈለግ ኧች ይ መስል ኣል ።	አስቴር ወደ ቤት ዋ መሄድ የ ፈለግ ኧች ይ መስል ኣል ።	PROPN ADP N 3;FEM;PRO;SG N;V.MSDR ADP V 3;FEM;PRO;SG 3;MASC;PRO;SG V V _
እናት ኤ ን ጠይቅ ኤ ል መጣ ና አገር ቤት እ ሄድ ኣል ኧሁ ።	እናት ኤ ን ጠይቅ ኤ ል መጣ ና አገር ቤት እ ሄድ ኣል ኧሁ ።	N 3;MASC;PRO;SG PART V 1;PRO;SG 1;PRO;SG V CONJ N N 1;PRO;SG V V 1;NEUT;PRO;SG _
አል ት ምጣ ብለ ህ ከ ኣል ጻፍ ክ ል ኝ በስተቀር ማክሰኞ እ መጣ ኣል ኧሁ ።	አል ት ምጣ ብለ ህ ከ ኣል ጻፍ ክ ል ኝ በስተቀር ማክሰኞ እ መጣ ኣል ኧሁ ።	NEG;PART 3;FEM;PRO;SG V V 2;MASC;PRO;SG CONJ V V 2;MASC;PRO;SG ADP;BEN 1;NEUT;PRO;SG ADP N 1;PRO;SG V V 1;NEUT;PRO;SG _
ለ መግደል ኡ ማስረጃ የል ኧ ኣቸው ም ።	ለ መግደል ኡ ማስረጃ የል ኧ ኣቸው ም ።	ADP N;V.MSDR 3;MASC;PRO;SG N V 3;MASC;PRO;SG 3;PL;PRO PART _
ሦስት ሰዎች መጥ ኡ እነሱ ም ታደሰ ፣ ኃይሉ ና ተፈራ ን ኣቸው ።	ሦስት ሰዎች መጥ ኡ እነሱ ም ታደሰ ፣ ኃይሉ ና ተፈራ ን ኣቸው ።	NUM N V 3;PL;PRO PRO CONJ PROPN _ PROPN CONJ PROPN V 3;PL;PRO _
ይህ መንገድ ወደ ግቢ ይ ኣስኬድ ኣል ።	ይህ መንገድ ወደ ግቢ ይ ኣስኬድ ኣል ።	DET N ADP;ESS N 3;MASC;PRO;SG CAUS;V V _
ሚስት ኡ ን በ መግደል ኡ ተከሰስ ኧ ።	ሚስት ኡ ን በ መግደል ኡ ተከሰስ ኧ ።	N 3;MASC;PRO;SG PART ADP N;V.MSDR 3;MASC;PRO;SG PASS;V 3;MASC;PRO;SG _
ብዙ ሰዎች ያለ ትዳር ይ ኖር ኣል ኡ ።	ብዙ ሰዎች ያለ ትዳር ይ ኖር ኣል ኡ ።	ADJ N;PL NEG;PART N 3;MASC;PRO;SG V V 3;PL;PRO _
ስ ት ገባ ኧ ሰው ኣል አይተህ ኧ ኣል ?	ስ ት ገባ ኧ ሰው ኣል አይተህ ኧ ኣል ?	CONJ 3;FEM;PRO;SG V 3;MASC;PRO;SG N NEG;PART V 3;MASC;PRO;SG V _
አንበሳ ው ን ገደል ኡ ት ።	አንበሳ ው ን ገደል ኡ ት ።	N DET PART V 3;PL;PRO 3;MASC;PRO;SG _
ሰው ኣል ይ ኣስወጣ ም ።	ሰው ኣል ይ ኣስወጣ ም ።	N NEG;PART 3;MASC;PRO;SG CAUS;V PART _
ጽጌረዳ ው እንደ ማበብ ብል ኦ ጠወለግ ኧ ።	ጽጌረዳ ው እንደ ማበብ ብል ኦ ጠወለግ ኧ ።	N DET ADP N;V.MSDR V 3;MASC;PRO;SG V 3;MASC;PRO;SG _
ድህነት ወንጀል ን ይ ኣስከትል ኣል ብል ኤ አምን ኣል ኧሁ ።	ድህነት ወንጀል ን ይ ኣስከትል ኣል ብል ኤ አምን ኣል ኧሁ ።	N N PART 3;MASC;PRO;SG V V V 1;PRO;SG V V 1;PRO;SG _
ሐኪም ኡ እባጭ ኡ ን አፈረጥ ኧ ል ኧት ።	ሐኪም ኡ እባጭ ኡ ን አፈረጥ ኧ ል ኧት ።	N DET N DET PART CAUS;V 3;MASC;PRO;SG ADP;BEN 3;MASC;PRO;SG _
አልማዝ ልብስ እየ ኣጠብ ኧች መሰለ ኝ ።	አልማዝ ልብስ እየ ኣጠብ ኧች መሰለ ኝ ።	PROPN N V V 3;FEM;PRO;SG V 1;PRO;SG _
ለ ፋሲካ አዲስ ልብስ ይ ኣስፈልግ ኧኝ ኣል ኣል ኧች ።	ለ ፋሲካ አዲስ ልብስ ይ ኣስፈልግ ኧኝ ኣል ኣል ኧች ።	ADP N ADJ N 3;MASC;PRO;SG V 1;PRO;SG V V 3;FEM;PRO;SG _
ዛፍ ኡ ሥር ሄደ ኧ ና ተቀመጥ ኧ ።	ዛፍ ኡ ሥር ሄደ ኧ ና ተቀመጥ ኧ ።	N DET N V 3;MASC;PRO;SG CONJ PASS;V 3;MASC;PRO;SG _
ወድቅ ኦ የ ነበር ኧ ው ቤት የ አስተማሪ ው ን ኧው ።	ወድቅ ኦ የ ነበር ኧ ው ቤት የ አስተማሪ ው ን ኧው ።	V;V.CVB 3;MASC;PRO;SG PART V 3;MASC;PRO;SG DET N ADP N DET V 3;PRO;SG _
ሸክም ኡ ን አሳርፍ ኡ ኝ ።	ሸክም ኡ ን አሳርፍ ኡ ኝ ።	N DET PART CAUS;V 3;PL;PRO 1;PRO;SG _
የ እም ት ሄድ ከ ሆን ኧ ይህ ን መጽሐፍ መልስ ል ኝ ።	የ እም ት ሄድ ከ ሆን ኧ ይህ ን መጽሐፍ መልስ ል ኝ ።	PART PART 3;FEM;PRO;SG V ADP V 3;MASC;PRO;SG DET PART N V ADP;BEN 1;PRO;SG _
ካሳ የ ገዛ ኧ ው የ ሱፍ ኮት ውድ ን ኧው ።	ካሳ የ ገዛ ኧ ው የ ሱፍ ኮት ውድ ን ኧው ።	PROPN PART V 3;MASC;PRO;SG 3;MASC;PRO;SG ADP N N ADJ V 3;PRO;SG _
ምን ማለት ህ ን ኧው ?	ምን ማለት ህ ን ኧው ?	PRO V 2;MASC;PRO;SG V 3;PRO;SG _
መቼ ት መጣ ኣል ኧህ ?	መቼ ት መጣ ኣል ኧህ ?	PRO 3;MASC;PRO;SG V V 2;MASC;PRO;SG _
የ መጣ ሁ ት በ እዚያ መንገድ ን ኧው ።	የ መጣ ሁ ት በ እዚያ መንገድ ን ኧው ።	PART V 1;PRO;SG 3;MASC;PRO;SG ADP DET N V 3;PRO;SG _
ልጆች ኡ ወጥት ኧው ኣል ቀር ኡ ም ።	ልጆች ኡ ወጥት ኧው ኣል ቀር ኡ ም ።	N DET V 3;PRO;SG NEG;PART V 3;PL;PRO PART _
በ ሄድ ኧ በ ት ሁሉ ልጆች ኡ ን ይዝ ኦ ይ ሄድ ኣል ።	በ ሄድ ኧ በ ት ሁሉ ልጆች ኡ ን ይዝ ኦ ይ ሄድ ኣል ።	ADP V 3;MASC;PRO;SG ADP 3;MASC;PRO;SG ADP N;PL 3;MASC;PRO;SG PART V;V.CVB 3;MASC;PRO;SG 3;MASC;PRO;SG V V _
በሬ ገዝት ኦ ፣ አርድ ኦ በላ ኧ ።	በሬ ገዝት ኦ ፣ አርድ ኦ በላ ኧ ።	N V;V.CVB 3;MASC;PRO;SG _ V;V.CVB 3;MASC;PRO;SG V 3;MASC;PRO;SG _
ወደ አዲስ አበባ ለ መሄድ ፈልግ ኤ ነበር ።	ወደ አዲስ አበባ ለ መሄድ ፈልግ ኤ ነበር ።	ADP N N ADP N;V.MSDR V 1;PRO;SG V _
መጥት ኦ እንደ ሆን ኧ ግብ ኣ በል ኧ ው ።	መጥት ኦ እንደ ሆን ኧ ግብ ኣ በል ኧ ው ።	V;V.CVB 3;MASC;PRO;SG CONJ V 3;MASC;PRO;SG V 3;FEM;PRO;SG V 3;MASC;PRO;SG 3;MASC;PRO;SG _
ካሳ ደብዳቤ ላክ ኧ ።	ካሳ ደብዳቤ ላክ ኧ ።	PROPN N V 3;MASC;PRO;SG _
በ መናገር ላይ እየ ኣለ ሁ መልስ ሰጥ ኧች ኝ ።	በ መናገር ላይ እየ ኣለ ሁ መልስ ሰጥ ኧች ኝ ።	ADP V ADP ADP V 1;PRO;SG N V 3;FEM;PRO;SG 1;PRO;SG _
ዛሬ ማን ይ ኣሸንፍ ይ ሆን ?	ዛሬ ማን ይ ኣሸንፍ ይ ሆን ?	ADV PRO 3;MASC;PRO;SG V 3;MASC;PRO;SG V _
ስጋ ው ጮማ ን ኧው ።	ስጋ ው ጮማ ን ኧው ።	N DET N V 3;PRO;SG _
ምን ደርስ ኦ በ ት ይ ሆን ?	ምን ደርስ ኦ በ ት ይ ሆን ?	PRO V 3;MASC;PRO;SG ADP 3;MASC;PRO;SG 3;MASC;PRO;SG V _
ምን ስ ብ ይ ሆን ት መታታ ኣል ኧህ ?	ምን ስ ብ ይ ሆን ት መታታ ኣል ኧህ ?	PRO INTJ CONJ 3;MASC;PRO;SG V 3;FEM;PRO;SG V V 2;MASC;PRO;SG _
ካሳ አልማዝ ን ውሻ አስገደል ኧ ኣት ።	ካሳ አልማዝ ን ውሻ አስገደል ኧ ኣት ።	PROPN PROPN PART N CAUS;V 3;MASC;PRO;SG 3;FEM;PRO;SG _
መምጣት መቅረት ኡ ን ለ ማወቅ እ ፈልግ ኣል ኧሁ ።	መምጣት መቅረት ኡ ን ለ ማወቅ እ ፈልግ ኣል ኧሁ ።	N;V.MSDR N;V.MSDR 3;MASC;PRO;SG PART ADP N 1;PRO;SG V V 1;PRO;SG _
አንበሳዎች ኡ ተገዳደል ኡ ።	አንበሳዎች ኡ ተገዳደል ኡ ።	N;PL DET RECP;V 3;PL;PRO _
ካሳ ለ ልጆች ኡ መንገድ ኡ ን አሳይ ኧ ኣቸው ።	ካሳ ለ ልጆች ኡ መንገድ ኡ ን አሳይ ኧ ኣቸው ።	PROPN ADP N DET N DET PART CAUS;V 3;MASC;PRO;SG 3;PL;PRO _
ካሳ የ አስቴር ወደ ጎንደር መሄድ ሰምት ኦ ኣል ።	ካሳ የ አስቴር ወደ ጎንደር መሄድ ሰምት ኦ ኣል ።	PROPN ADP PROPN ADP N N;V.MSDR V 3;MASC;PRO;SG V _
ካሳ ከ አባት ኡ ተሻል ኧ ።	ካሳ ከ አባት ኡ ተሻል ኧ ።	PROPN ADP N DET V 3;MASC;PRO;SG _
አዳመጥ ኧች ።	አዳመጥ ኧች ።	V 3;FEM;PRO;SG _
ከ ሰዓት በኋላ አግዝ ሽ ኣል ሁ በል ኧ ኣት ።	ከ ሰዓት በኋላ አግዝ ሽ ኣል ሁ በል ኧ ኣት ።	ADP N ADP V 2;FEM;PRO;SG V 1;PRO;SG V 3;MASC;PRO;SG 3;FEM;PRO;SG _
ከ ጐን ዋ ተጣብቅ ኦ ኣል ሄድ ም ኣል ኧ ።	ከ ጐን ዋ ተጣብቅ ኦ ኣል ሄድ ም ኣል ኧ ።	ADP N 3;FEM;PRO;SG PASS;V 3;MASC;PRO;SG NEG;PART V PART V 3;MASC;PRO;SG _
ካሳ ከ እናት ኡ ጋር የ በላ ው ምሳ አይደል ኧ ም ።	ካሳ ከ እናት ኡ ጋር የ በላ ው ምሳ አይደል ኧ ም ።	PROPN ADP N DET ADP ADP V DET N V 3;MASC;PRO;SG PART _
ወደ አገር ቤት በ ሄድ ኩ ጊዜ ማን ን ም ኣል ጠየቅ ኩ ም ።	ወደ አገር ቤት በ ሄድ ኩ ጊዜ ማን ን ም ኣል ጠየቅ ኩ ም ።	ADP N N PART V 1;PRO;SG N PRO PART CONJ NEG;PART V 1;PRO;SG PART _
ውሃ ው ፈሰስ ኧ ብ ኧት ።	ውሃ ው ፈሰስ ኧ ብ ኧት ።	N DET V 3;MASC;PRO;SG ADP 3;MASC;PRO;SG _
እፎይ ይኸው በ መጨረሻ ደረስ ን ።	እፎይ ይኸው በ መጨረሻ ደረስ ን ።	INTJ DET ADP N V 1;PL;PRO _
መንገድ ኡ ስለ የ እም ይ አዳልጥ በ ጥንቃቄ ብ ት ራመድ ይ ተሻል ኣል ።	መንገድ ኡ ስለ የ እም ይ አዳልጥ በ ጥንቃቄ ብ ት ራመድ ይ ተሻል ኣል ።	N DET CONJ PART PART 3;MASC;PRO;SG V ADP ADV ADP 3;FEM;PRO;SG V 3;MASC;PRO;SG PASS;V V _
አስር ዓመት ብ ይ ጅ ም ትምህርት ኤ ን እ ጨርስ ኣል ኧሁ እንጂ ወደ ሀገሬ ስ ኣል እ መለስ ም ።	አስር ዓመት ብ ይ ጅ ም ትምህርት ኤ ን እ ጨርስ ኣል ኧሁ እንጂ ወደ ሀገሬ ስ ኣል እ መለስ ም ።	NUM N CONJ 3;MASC;PRO;SG V CONJ N 1;PRO;SG PART 1;PRO;SG V V 1;PRO;SG CONJ ADP N CONJ NEG;PART 1;PRO;SG V PART _
ገንዘብ ኡ ን ማን እንደ ሰጥ ኧ ኣት ንገር ኧ ን ?	ገንዘብ ኡ ን ማን እንደ ሰጥ ኧ ኣት ንገር ኧ ን ?	N DET PART PRO CONJ V 3;MASC;PRO;SG 3;FEM;PRO;SG V 1;NEUT;PL;PRO 1;PL;PRO _
እንደ እም እ መጥ ኣ ለ አልማዝ ነገር ኩ ኣት ።	እንደ እም እ መጥ ኣ ለ አልማዝ ነገር ኩ ኣት ።	ADP PART 1;PRO;SG V PART ADP PROPN V 1;PRO;SG 3;FEM;PRO;SG _
ይ ሞቅ ኣል ።	ይ ሞቅ ኣል ።	3;MASC;PRO;SG V V _
አብር ኤ ኣት ሲኒማ ብ እ ሄድ ግድ የለ ኝ ም ።	አብር ኤ ኣት ሲኒማ ብ እ ሄድ ግድ የለ ኝ ም ።	V 1;PRO;SG 3;FEM;PRO;SG N CONJ 1;PRO;SG V V V 1;NEUT;PRO;SG CONJ _
መጽሐፍ ኡ ን ከ ወንበር ላይ አንስት ኣ ጠረጴዛ ው ላይ አኖር ኧች ው ።	መጽሐፍ ኡ ን ከ ወንበር ላይ አንስት ኣ ጠረጴዛ ው ላይ አኖር ኧች ው ።	N DET PART ADP;ESS N ADP V;V.CVB 3;FEM;PRO;SG N DET ADP V 3;FEM;PRO;SG 3;MASC;PRO;SG _
ጠበቃ ማማከር የ ግድ አስፈላጊ ነበር ።	ጠበቃ ማማከር የ ግድ አስፈላጊ ነበር ።	N N;V.MSDR ADP N ADJ V _
እኔ ን ለ ማየት ፈልግ ኦ ነበር ኣ !	እኔ ን ለ ማየት ፈልግ ኦ ነበር ኣ !	PRO PART ADP N;V.MSDR V;V.CVB 3;MASC;PRO;SG V INTJ _
እሱ ን ብ እ ሆን ኣል ኣደርግ ኧው ም ነበር ።	እሱ ን ብ እ ሆን ኣል ኣደርግ ኧው ም ነበር ።	PRO PART CONJ 1;PRO;SG V NEG;PART V 3;PRO;SG PART PST;V _
እህት ና ወንድም ተደባደብ ኡ ።	እህት ና ወንድም ተደባደብ ኡ ።	N CONJ N RECP;V 3;PL;PRO _
ከበደ የ እናት ኡ ን ሞት ተረድ ኣ ።	ከበደ የ እናት ኡ ን ሞት ተረድ ኣ ።	PROPN ADP N 3;MASC;PRO;SG PART N PASS;V 3;FEM;PRO;SG _
ድመት ኡ ነብር መሰለ ኝ ።	ድመት ኡ ነብር መሰለ ኝ ።	N DET N V 1;PRO;SG _
አልማዝ ካሳ ን ገደል ኧች ።	አልማዝ ካሳ ን ገደል ኧች ።	PROPN PROPN PART V 3;FEM;PRO;SG _
ጦርነት ኡ ከ ኣል ቆም ኧ ሁል ኣችን ም ተሰዳጅ ን ኧን ።	ጦርነት ኡ ከ ኣል ቆም ኧ ሁል ኣችን ም ተሰዳጅ ን ኧን ።	N DET CONJ NEG;PART V 3;MASC;PRO;SG PRO 1;PL;PRO CONJ N V 1;PL;PRO _
ስራ አጥት ኦ ተቸግር ኦ ኣል ።	ስራ አጥት ኦ ተቸግር ኦ ኣል ።	N V;V.CVB 3;MASC;PRO;SG PASS;V;V.CVB 3;MASC;PRO;SG V _
ካሳ በግ ኣል ገዛ ኧ ም ።	ካሳ በግ ኣል ገዛ ኧ ም ።	PROPN N NEG;PART V 3;MASC;PRO;SG PART _
በ እናት ኤ ፈንታ ምነው እኔ በ ሞት ኩ ።	በ እናት ኤ ፈንታ ምነው እኔ በ ሞት ኩ ።	ADP N 3;MASC;PRO;SG N INTJ PRO ADP V 1;PRO;SG _
ለ ሆድ ቁርጠት ብላ በ ት ።	ለ ሆድ ቁርጠት ብላ በ ት ።	ADP N N V ADP;INS 3;MASC;PRO;SG _
ሁሉ ን አዘጋጅ ት ኧን ኣል ።	ሁሉ ን አዘጋጅ ት ኧን ኣል ።	ADV PART CAUS;V 3;FEM;PRO;SG 1;PL;PRO V _
እግዚአብሔር ን ! እውነት ን ኧው ።	እግዚአብሔር ን ! እውነት ን ኧው ።	N PART _ N V 3;PRO;SG _
የ በለጠ ብ ት ጥር እንዲያው ም የ ተሻል ኧ ል ት ኣነብ ት ችል ኣል ኧህ ።	የ በለጠ ብ ት ጥር እንዲያው ም የ ተሻል ኧ ል ት ኣነብ ት ችል ኣል ኧህ ።	ADP ADV CONJ 2;MASC;PRO;SG V INTJ CONJ ADP PASS;V 3;MASC;PRO;SG CONJ 2;MASC;PRO;SG V 3;MASC;PRO;SG V V 2;MASC;PRO;SG _
ሰዎች እንደ አሳ በ ባህር ይ ኖር ኣል ።	ሰዎች እንደ አሳ በ ባህር ይ ኖር ኣል ።	N ADP N ADP N 3;MASC;PRO;SG V V _
መግደል ኃጢያት ን ኧው ።	መግደል ኃጢያት ን ኧው ።	N N V 3;PRO;SG _
ገበሬ ው ማሳ ው ን አጥር ኦ ት ኣል ።	ገበሬ ው ማሳ ው ን አጥር ኦ ት ኣል ።	N DET N DET PART V 3;MASC;PRO;SG 3;MASC;PRO;SG V _
ካሳ አስቴር ወደ ትምህርት ቤት ስለ ሄድ ኧች ተደሰት ኧ ።	ካሳ አስቴር ወደ ትምህርት ቤት ስለ ሄድ ኧች ተደሰት ኧ ።	PROPN PROPN ADP N N CONJ V 3;FEM;PRO;SG PASS;V 3;MASC;PRO;SG _
ምን እንደ ደረሰ ብ ኝ ት ኣውቅ ኣል ኧህ ?	ምን እንደ ደረሰ ብ ኝ ት ኣውቅ ኣል ኧህ ?	PRO ADP V ADP 1;NEUT;PRO;SG 3;FEM;PRO;SG V V 2;MASC;PRO;SG _
መጽሐፎች ኡ በ ወለል ኡ ላይ ተበታትን ኧው ነበር ።	መጽሐፎች ኡ በ ወለል ኡ ላይ ተበታትን ኧው ነበር ።	N;PL DET ADP N DET ADP PASS;V 3;PRO;SG V _
ምሳ በላ ሁ ።	ምሳ በላ ሁ ።	N V 1;PRO;SG _
ካሳ አስቴር ወደ ጎንደር እንደ ሄድ ኧች አውቅ ኦ አል ።	ካሳ አስቴር ወደ ጎንደር እንደ ሄድ ኧች አውቅ ኦ አል ።	PROPN PROPN ADP N CONJ V 3;FEM;PRO;SG V 3;MASC;PRO;SG V _
ሩጫ አልማዝ ን አወፈር ኧ ኣት ።	ሩጫ አልማዝ ን አወፈር ኧ ኣት ።	N PROPN PART V 3;MASC;PRO;SG 3;FEM;PRO;SG _
ደሞዝ ኣል ወሰድ ክ ም እንዴ ?	ደሞዝ ኣል ወሰድ ክ ም እንዴ ?	N NEG;PART V 2;MASC;PRO;SG PART INTJ _
ካሳ ከ አባት ኡ በ ቁመት በለጥ ኧ ።	ካሳ ከ አባት ኡ በ ቁመት በለጥ ኧ ።	PROPN ADP N 3;MASC;PRO;SG ADP N V 3;MASC;PRO;SG _
ከ ድልድይ ኡ እ ዘል ኣል ኧሁ ቢል አል ት ኣደርግ ኧ ው ም ብል ኧው ገፋፍ ኣት ።	ከ ድልድይ ኡ እ ዘል ኣል ኧሁ ቢል አል ት ኣደርግ ኧ ው ም ብል ኧው ገፋፍ ኣት ።	ADP N DET 1;PRO;SG V V 3;NEUT;PRO;SG V NEG;PART 3;MASC;PRO;SG V 2;MASC;PRO;SG 2;MASC;PRO;SG PART V 3;PRO;SG V 3;FEM;PRO;SG _
የ ገዝ ኣ ልብስ ኤ ን የ መስፋት ችሎታ ምነው በኖር ኧኝ ።	የ ገዝ ኣ ልብስ ኤ ን የ መስፋት ችሎታ ምነው በኖር ኧኝ ።	ADP ADV PART N 3;MASC;PRO;SG PART ADP N;V.MSDR N INTJ V 1;PRO;SG _
ምሳ ዬ ን ኣል በላ ሁ ም ቁርስ ኤ ን ም ብ ይ ሆን እንዲሁ ።	ምሳ ዬ ን ኣል በላ ሁ ም ቁርስ ኤ ን ም ብ ይ ሆን እንዲሁ ።	N 1;PRO;SG PART NEG;PART V 1;PRO;SG PART N 1;PRO;SG PART CONJ CONJ 3;MASC;PRO;SG V ADV _
ማን ምን በላ ኧ ?	ማን ምን በላ ኧ ?	PRO PRO V 3;MASC;PRO;SG _
እርሱ ም የ ክበብ ኣችን አባል ን ኧው ።	እርሱ ም የ ክበብ ኣችን አባል ን ኧው ።	PRO CONJ ADP N 1;PL;PRO N V 3;PRO;SG _
ምን ያህል እንደ ተለወጥ ኧ ብ ት ኣይ ይ ገርም ህ ኣል ።	ምን ያህል እንደ ተለወጥ ኧ ብ ት ኣይ ይ ገርም ህ ኣል ።	ADV N CONJ PASS;V 3;MASC;PRO;SG ADP 3;FEM;PRO;SG V 3;MASC;PRO;SG V PRO V _
አስቴር ወደ ጎጃም ስለ ሄድ ኧ አለቀስ ኧች ።	አስቴር ወደ ጎጃም ስለ ሄድ ኧ አለቀስ ኧች ።	PROPN ADP PROPN CONJ V 3;MASC;PRO;SG V 3;FEM;PRO;SG _
ከ ተማሪ~ቤት ተመለስ ኧ ።	ከ ተማሪ~ቤት ተመለስ ኧ ።	ADP N PASS;V 3;MASC;PRO;SG _
ከብቶች ኡ ን ለ ግጦሽ ማዶ ከ ኣለ ው ሜዳ አዋል ኡ ኣቸው ።	ከብቶች ኡ ን ለ ግጦሽ ማዶ ከ ኣለ ው ሜዳ አዋል ኡ ኣቸው ።	N;PL DET PART ADP N N CONJ V 3;DET;MASC;SG N CAUS;V 3;PL;PRO 3;NEUT;PL;PRO _
ፍርሃት እ ነበር ኧ በ ት አስቀር ኧ ው ።	ፍርሃት እ ነበር ኧ በ ት አስቀር ኧ ው ።	N ADP;ESS V 3;MASC;PRO;SG ADP 3;FEM;PRO;SG CAUS;V 3;MASC;PRO;SG 3;MASC;PRO;SG _
ወንድም ኤ ከ አገር~ቤት ስለ መጣ ኧ ል ኣይ ኧው ሄድ ኩ ።	ወንድም ኤ ከ አገር~ቤት ስለ መጣ ኧ ል ኣይ ኧው ሄድ ኩ ።	N 1;PRO;SG ADP;ESS N CONJ V 3;MASC;PRO;SG CONJ V 3;PRO;SG V 1;PRO;SG _
እዚህ ከራርም ኦ ሄድ ኧ ።	እዚህ ከራርም ኦ ሄድ ኧ ።	DET V;V.CVB 3;MASC;PRO;SG V 3;MASC;PRO;SG _
ከ ሆስፒታል ወስድ ኧው ሥላሴ ቤተክርስቲያን ቀበር ኡ ት ።	ከ ሆስፒታል ወስድ ኧው ሥላሴ ቤተክርስቲያን ቀበር ኡ ት ።	ADP N V 3;PRO;SG N N V 3;PL;PRO 3;MASC;PRO;SG _
በ ኣለ መምጣት ኡ በጣም ተገረም ኩ ።	በ ኣለ መምጣት ኡ በጣም ተገረም ኩ ።	ADP NEG;PART N;V.MSDR 3;MASC;PRO;SG ADV PASS;V 1;PRO;SG _
አዲስ አበባ ነገ ት ሄድ ኣል ኧህ ?	አዲስ አበባ ነገ ት ሄድ ኣል ኧህ ?	N N ADV 3;FEM;PRO;SG V V 2;MASC;PRO;SG _
ፀሐይ ስ ኣል ይ ኖር ልብስ ኡ ምን ኡ ን ደረቀ ው ?	ፀሐይ ስ ኣል ይ ኖር ልብስ ኡ ምን ኡ ን ደረቀ ው ?	N CONJ NEG;PART 3;MASC;PRO;SG V N DET PRO DET PART V DET _
ኩባንያ ው ውል ኡ ን አል ሰርዝ ም ኣል ኧ ።	ኩባንያ ው ውል ኡ ን አል ሰርዝ ም ኣል ኧ ።	N DET N DET PART NEG;PART V PART V 3;MASC;PRO;SG _
ካሳ ቤት ውስጥ የል ኧ ም ።	ካሳ ቤት ውስጥ የል ኧ ም ።	PROPN N ADP V 3;MASC;PRO;SG PART _
ካሳ አስቴር ወደ ትምህርት ቤት እንደ ሄድ ኧች ምሳ ው ን በላ ኧ ።	ካሳ አስቴር ወደ ትምህርት ቤት እንደ ሄድ ኧች ምሳ ው ን በላ ኧ ።	PROPN PROPN ADP N N CONJ V 3;FEM;PRO;SG N DET PART V 3;MASC;PRO;SG _
አስተማሪ ው ን አሞጋገስ ኧ ው ።	አስተማሪ ው ን አሞጋገስ ኧ ው ።	N DET PART V 3;MASC;PRO;SG 3;MASC;PRO;SG _
ካሳ በግ የ ኣረድ ኧ በ ት ቢላዋ ትልቅ ን ኧው ።	ካሳ በግ የ ኣረድ ኧ በ ት ቢላዋ ትልቅ ን ኧው ።	PROPN N PART V 3;MASC;PRO;SG ADP 3;MASC;PRO;SG N ADJ V 3;PRO;SG _
አስቴር ወደ ቤት ገባ ኧች ።	አስቴር ወደ ቤት ገባ ኧች ።	PROPN ADP N V 3;FEM;PRO;SG _
የ ሰው ዕቃ ስ ኣይ ጠይቅ ኡ መውሰድ የ ስርቆት ያህል ይ ቆጠር ኣል ።	የ ሰው ዕቃ ስ ኣይ ጠይቅ ኡ መውሰድ የ ስርቆት ያህል ይ ቆጠር ኣል ።	ADP N N CONJ NEG;PART V 3;PL;PRO N;V.MSDR ADP N V 3;MASC;PRO;SG V V _
እንደ ምንም ብል ኤ ከ እዚያ ብ እ ደርስ ።	እንደ ምንም ብል ኤ ከ እዚያ ብ እ ደርስ ።	CONJ ADV V 1;MASC+FEM;PRO;SG ADP DET CONJ 1;MASC+FEM;PRO;SG V _
ካሳ አስተማሪ ሆን ኧ ።	ካሳ አስተማሪ ሆን ኧ ።	PROPN N V 3;MASC;PRO;SG _
መኪና ስ ይ መጣ ኧ ስ ት ኣይ ኣል ት ደንግጥ ።	መኪና ስ ይ መጣ ኧ ስ ት ኣይ ኣል ት ደንግጥ ።	N CONJ 3;MASC;PRO;SG V 3;MASC;PRO;SG CONJ 3;FEM;PRO;SG V NEG;PART 3;FEM;PRO;SG V _
ከበደ ን እንጀራ አስበላ ሁ ት ።	ከበደ ን እንጀራ አስበላ ሁ ት ።	PROPN PART N CAUS;V 1;PRO;SG 3;MASC;PRO;SG _
አስተማሪ ን አለ ማክበር ኀጢአተኛ እንደ መሆን ይ ቆጠር ኣል ።	አስተማሪ ን አለ ማክበር ኀጢአተኛ እንደ መሆን ይ ቆጠር ኣል ።	N PART NEG;PART N;V.MSDR ADJ ADP N;V.MSDR 3;MASC;PRO;SG V V _
ብር ም ሆን ኧ ወርቅ ል ይ ገዛ ው ኣል ይ ችል ም ።	ብር ም ሆን ኧ ወርቅ ል ይ ገዛ ው ኣል ይ ችል ም ።	N CONJ V 3;MASC;PRO;SG N CONJ 3;MASC;PRO;SG V 3;MASC;PRO;SG NEG;PART 3;MASC;PRO;SG V PART _
አንድ የ መሆኛ ኣችን ጊዜ አሁን ን ኧው ።	አንድ የ መሆኛ ኣችን ጊዜ አሁን ን ኧው ።	NUM PART V;V.MSDR 2;PL;PRO N N V 3;PRO;SG _
አስቴር ን የ ሰደብ ኡ ዋ ት እነ ማን ን ኣቸው ?	አስቴር ን የ ሰደብ ኡ ዋ ት እነ ማን ን ኣቸው ?	PROPN PART PART V 3;PL;PRO DET;FEM 3;FEM;PRO;SG DET PRO V 3;NEUT;PL;PRO _
ገንዘብ ስለ ኣል ነበር ኧኝ መሄድ ኣል ቻል ኩ ም ።	ገንዘብ ስለ ኣል ነበር ኧኝ መሄድ ኣል ቻል ኩ ም ።	N CONJ NEG;PART V 1;PRO;SG N;V.MSDR NEG;PART V 1;PRO;SG PART _
ካሳ አባት ኡ ን ይ መስል ኣል ።	ካሳ አባት ኡ ን ይ መስል ኣል ።	PROPN N 3;MASC;PRO;SG PART 3;MASC;PRO;SG V V _
ሰርቅ ኦ ያዝ ኡ ት ።	ሰርቅ ኦ ያዝ ኡ ት ።	V;V.CVB 3;MASC;PRO;SG V 3;PL;PRO 3;FEM;PRO;SG _
ዶሮ ው ን ገነጣጥል ኣ ድስት ውስጥ ጨመር ኧች ው ።	ዶሮ ው ን ገነጣጥል ኣ ድስት ውስጥ ጨመር ኧች ው ።	N DET PART V;V.CVB 3;FEM;PRO;SG N ADP V 3;FEM;PRO;SG 3;MASC;PRO;SG _
ጥፎ ው የ አየር ሁኔታ በሽታ ዋ ን አባስ ኧ ብ ኣት ።	ጥፎ ው የ አየር ሁኔታ በሽታ ዋ ን አባስ ኧ ብ ኣት ።	ADJ DET ADP N N N 3;FEM;PRO;SG PART V 3;MASC;PRO;SG ADP 3;FEM;PRO;SG _
ካሳ ምሳ ው ን በላ ኧ ።	ካሳ ምሳ ው ን በላ ኧ ።	PROPN N DET PART V 3;MASC;PRO;SG _
ካሳ ቡና አስፈላ ኧ ።	ካሳ ቡና አስፈላ ኧ ።	PROPN N CAUS;V 3;MASC;PRO;SG _
ካሳ ወደ ቤት ኡ ገባ ኧ ።	ካሳ ወደ ቤት ኡ ገባ ኧ ።	PROPN ADP N 3;MASC;PRO;SG V 3;MASC;PRO;SG _
ልጁች ኡ ን ጠርተ ህ እህል ኡ ን እ ጎተራ አስገባ ኧ ።	ልጁች ኡ ን ጠርተ ህ እህል ኡ ን እ ጎተራ አስገባ ኧ ።	N;PL DET PART V 2;MASC;PRO;SG N DET PART ADP N CAUS;V 3;MASC;PRO;SG _
የ መሬት ኡ መንቀጥቀጥ ብዙ ቋጥኞች ን ፈነቃቀል ኧ ።	የ መሬት ኡ መንቀጥቀጥ ብዙ ቋጥኞች ን ፈነቃቀል ኧ ።	ADP N DET N;V.MSDR ADJ N;PL PART V 3;MASC;PRO;SG _
ፓስታ አመላላሽ ኡ በ ሰዓት ኡ ይ ደርስ ኣል ብላ አስብ ኣ ነበር ።	ፓስታ አመላላሽ ኡ በ ሰዓት ኡ ይ ደርስ ኣል ብላ አስብ ኣ ነበር ።	N N DET ADP N DET 3;MASC;PRO;SG V V V V 3;FEM;PRO;SG V _
ገንዘብ ም ምክር ም ሰጥ ኧ ኝ ።	ገንዘብ ም ምክር ም ሰጥ ኧ ኝ ።	N CONJ N CONJ V 3;MASC;PRO;SG 1;PRO;SG _
የ ዘንድሮ ን ነገር እንጃ ል ኝ ።	የ ዘንድሮ ን ነገር እንጃ ል ኝ ።	ADP ADJ PART N V ADP;BEN 1;PRO;SG _
አልማዝ ወደ ፊት ቅርብ ኣል ኧች ።	አልማዝ ወደ ፊት ቅርብ ኣል ኧች ።	PROPN ADP N V V 3;FEM;PRO;SG _
በ ምን ይ ኣርስ ኣል ኡ ? በ በሬ ን ኧው ኣ ።	በ ምን ይ ኣርስ ኣል ኡ ? በ በሬ ን ኧው ኣ ።	ADP PRO 3;MASC;PRO;SG V V 3;PL;PRO _ ADP N V 3;PRO;SG INTJ _
ልብስ ኡ ለ አልማዝ ተገዛ ል ኣት ።	ልብስ ኡ ለ አልማዝ ተገዛ ል ኣት ።	N DET ADP PROPN PASS;V ADP 3;FEM;PRO;SG _
ሩጫ ጥሩ ን ኧው ።	ሩጫ ጥሩ ን ኧው ።	N ADJ V 3;PRO;SG _
በ ጊዜ መተኛት መብት ህ ን ኧው ።	በ ጊዜ መተኛት መብት ህ ን ኧው ።	ADP N N;V.MSDR N;V.MSDR 2;MASC;PRO;SG V 3;PRO;SG _
ካሳ ከ መቀመጫ ው ተነሳ ኧ ።	ካሳ ከ መቀመጫ ው ተነሳ ኧ ።	PROPN ADP N DET PASS;V 3;MASC;PRO;SG _
እሱ ስ ብ ይ ሆን እንዴት ለ ገንዘብ ስ ይ ል ጓደኛ ውን ይ ክድ ኣል ?	እሱ ስ ብ ይ ሆን እንዴት ለ ገንዘብ ስ ይ ል ጓደኛ ውን ይ ክድ ኣል ?	PRO INTJ CONJ 3;MASC;PRO;SG V PRO ADP N CONJ PRO V N DET 3;MASC;PRO;SG V V _
አልማዝ ስጋ ገዝት ኣ ፣ ቀቅል ኣ በላ ኧች ።	አልማዝ ስጋ ገዝት ኣ ፣ ቀቅል ኣ በላ ኧች ።	PROPN N V;V.CVB 3;FEM;PRO;SG _ V;V.CVB 3;FEM;PRO;SG V 3;FEM;PRO;SG _
ወደ መጣ ኧ በ ት አገር ይ መለስ ።	ወደ መጣ ኧ በ ት አገር ይ መለስ ።	ADP V 3;MASC;PRO;SG ADP;ESS 3;MASC;PRO;SG N 3;MASC;PRO;SG V _
የ ወንድም ዋ መሞት የ አልማዝ ን ልብ ሰበር ኧ ው ።	የ ወንድም ዋ መሞት የ አልማዝ ን ልብ ሰበር ኧ ው ።	ADP N 3;FEM;PRO;SG N ADP PROPN PART N V 3;MASC;PRO;SG 3;MASC;PRO;SG _
ብርጭቆ የ ሰበር ኧ ው ልጅ መጣ ኧ ።	ብርጭቆ የ ሰበር ኧ ው ልጅ መጣ ኧ ።	N PART V 3;MASC;PRO;SG DET N V 3;MASC;PRO;SG _
ምግብ ኡ ን ተጠየፍ ኧ ።	ምግብ ኡ ን ተጠየፍ ኧ ።	N DET PART PASS;V 3;MASC;PRO;SG _
ከ አንድ ኡ አገር ወደ አንድ ኡ አገር እየ_ዞርክ ኡ እ ኖር ኣል ኧሁ ።	ከ አንድ ኡ አገር ወደ አንድ ኡ አገር እየ_ዞርክ ኡ እ ኖር ኣል ኧሁ ።	ADP;ESS NUM DET N ADP N DET N V 3;PL;PRO 1;PRO;SG V V 1;NEUT;PRO;SG _
የ መኪና ው ኣለ መምጣት አልማዝ ን አስጨነ ኧ ኣት ።	የ መኪና ው ኣለ መምጣት አልማዝ ን አስጨነ ኧ ኣት ።	ADP N DET NEG;PART N;V.MSDR PROPN PART CAUS;V 3;MASC;PRO;SG 3;FEM;PRO;SG _
የ መሄጃ ው ቀን ተቃረብ ኧ ።	የ መሄጃ ው ቀን ተቃረብ ኧ ።	PART V;V.MSDR DET N PASS;V 3;MASC;PRO;SG _
ለ ምን መጥት ኦ ኣል ይ ነግር ኧኝ ም ?	ለ ምን መጥት ኦ ኣል ይ ነግር ኧኝ ም ?	ADP PRO V;V.CVB 3;MASC;PRO;SG NEG;PART 3;MASC;PRO;SG V 1;PRO;SG PART _
የ ህግ ኣለ መኖር ህዝብ ኡ ን በ ጅምላ አጫረስ ኧ ።	የ ህግ ኣለ መኖር ህዝብ ኡ ን በ ጅምላ አጫረስ ኧ ።	ADP N NEG;PART V;V.MSDR N DET PART ADP ADV CAUS;V 3;MASC;PRO;SG _
ዘል ኦ ወረድ ኧ ።	ዘል ኦ ወረድ ኧ ።	V;V.CVB 3;MASC;PRO;SG V 3;MASC;PRO;SG _
ምግብ ኡ ተበላሽ ኧ ።	ምግብ ኡ ተበላሽ ኧ ።	N DET V 3;MASC;PRO;SG _
ውሻ ዬ ሞት ኧ ።	ውሻ ዬ ሞት ኧ ።	N 1;PRO;SG V 3;MASC;PRO;SG _
መኪና ስ ይ መጣ ኧ ስ ት ኣይ ኣል ት ደንግጥ ።	መኪና ስ ይ መጣ ኧ ስ ት ኣይ ኣል ት ደንግጥ ።	N CONJ 3;MASC;PRO;SG V 3;MASC;PRO;SG CONJ 2;MASC;PRO;SG V NEG;PART 2;MASC;PRO;SG V _
ምነው አስተማሪ በ ሆን ሁ ።	ምነው አስተማሪ በ ሆን ሁ ።	PRO N ADP V 1;NEUT;PRO;SG _
ወተት ነጭ ን ኧው ።	ወተት ነጭ ን ኧው ።	N ADJ V 3;PRO;SG _
ካሳ አስቴር ን ቡና እንድ ት ኣፈላ አደረግ ኧ ።	ካሳ አስቴር ን ቡና እንድ ት ኣፈላ አደረግ ኧ ።	PROPN PROPN PART N CONJ 3;FEM;PRO;SG V V 3;MASC;PRO;SG _
በር ኡ ን መቀርቀር ረሳ ኧ ።	በር ኡ ን መቀርቀር ረሳ ኧ ።	N DET PART N;V.MSDR V 3;MASC;PRO;SG _
መጥ ኣች ።	መጥ ኣች ።	V 3;PRO;SG _
የ ልጅነት ኡ ን ጊዜ አስታውስ ኦ ምንኛ ዕድለኛ እንደ ነበር ተገነዘብ ኧ ።	የ ልጅነት ኡ ን ጊዜ አስታውስ ኦ ምንኛ ዕድለኛ እንደ ነበር ተገነዘብ ኧ ።	PART N 3;MASC;PRO;SG PART N V 3;MASC;PRO;SG ADV N CONJ V PASS;V 3;MASC;PRO;SG _
ልጆች ኡ ስራ የ እም ይ ሰር ኡ ይ መስል ኣል ።	ልጆች ኡ ስራ የ እም ይ ሰር ኡ ይ መስል ኣል ።	N DET N PART PART 3;MASC;PRO;SG V 3;PL;PRO 3;MASC;PRO;SG V V _
እግዚአብሔር ሰው ን በ አምሳል ኡ ፈጠር ኧ ።	እግዚአብሔር ሰው ን በ አምሳል ኡ ፈጠር ኧ ።	N N PART ADP N DET V 3;MASC;PRO;SG _
ልብስ ተለዋወጥ ኡ ።	ልብስ ተለዋወጥ ኡ ።	N RECP;V 3;PL;PRO _
ቁርስ ቀማምስ ኣ ልብስ አጠባ ያዝ ኧች ።	ቁርስ ቀማምስ ኣ ልብስ አጠባ ያዝ ኧች ።	N V;V.CVB 3;FEM;PRO;SG N V;V.CVB V 3;FEM;PRO;SG _
የ እም ኣል አነብ ብ እ ሆን ኖሮ መጽሐፍ ኣል ጠይቅ ህ ም ።	የ እም ኣል አነብ ብ እ ሆን ኖሮ መጽሐፍ ኣል ጠይቅ ህ ም ።	PART PART NEG;PART V ADP 1;PRO;SG V V N NEG;PART V 2;MASC;PRO;SG PART _
እናት እየ ዋ አሻንጉሊቶች ኡ ን ለ ልጆች ኡ አከፋፈል ኧች ።	እናት እየ ዋ አሻንጉሊቶች ኡ ን ለ ልጆች ኡ አከፋፈል ኧች ።	N DET DET N;PL DET PART ADP N DET V 3;FEM;PRO;SG _
ልብ ኡ ል ይ ፈነድ ኣ ትንሽ ቀር ው ።	ልብ ኡ ል ይ ፈነድ ኣ ትንሽ ቀር ው ።	N 3;MASC;PRO;SG CONJ 3;MASC;PRO;SG V 3;FEM;PRO;SG ADV V 3;MASC;PRO;SG _
ጉዳት ኡ ን የ ኣደረስ ኧ ው ሰው የ መክፈል ግዴታ ኣለ ብ ኧት ።	ጉዳት ኡ ን የ ኣደረስ ኧ ው ሰው የ መክፈል ግዴታ ኣለ ብ ኧት ።	N DET PART PART V 3;MASC;PRO;SG DET N ADP N;V.MSDR N V ADP 3;MASC;PRO;SG _
ሜዳ ሜዳ ኡ ን ሄድ ኧ ።	ሜዳ ሜዳ ኡ ን ሄድ ኧ ።	N N DET PART V 3;MASC;PRO;SG _
ልጆች ኡ ወተት ይ ወድድ ኣል ኡ ።	ልጆች ኡ ወተት ይ ወድድ ኣል ኡ ።	N DET N 3;MASC;PRO;SG V V 3;PL;PRO _
ከበደ ለ ምን መጣ ኧ ? ል ይ መጣ ፈለግ ኣ ።	ከበደ ለ ምን መጣ ኧ ? ል ይ መጣ ፈለግ ኣ ።	PROPN ADP PRO V 3;MASC;PRO;SG _ CONJ 3;MASC;PRO;SG V V 3;FEM;PRO;SG _
ካሳ ያለ ትዳር ብዙ ጊዜ ኖር ኦ ኣል ።	ካሳ ያለ ትዳር ብዙ ጊዜ ኖር ኦ ኣል ።	PROPN NEG;PART N NUM N V 3;MASC;PRO;SG V _
አልማዝ ን ዳቦ አጎረስ ኩ ኣት ።	አልማዝ ን ዳቦ አጎረስ ኩ ኣት ።	PROPN PART N CAUS;V 1;PRO;SG 3;FEM;PRO;SG _
ልብስ ኡ ን እኔ አጥብ ኤ እሱ ተኮስ ኧ ።	ልብስ ኡ ን እኔ አጥብ ኤ እሱ ተኮስ ኧ ።	N DET PART PRO V 1;PRO;SG PRO V 3;MASC;PRO;SG _
እንግዶች ስለ የ እም ኣል ይ መጣ ኡ ጠላ ው ን ኣል ት ቅጅ ኢ ።	እንግዶች ስለ የ እም ኣል ይ መጣ ኡ ጠላ ው ን ኣል ት ቅጅ ኢ ።	N;PL CONJ PART PART NEG;PART 3;MASC;PRO;SG V 3;PL;PRO N DET PART NEG;PART 3;FEM;PRO;SG V 2;PRO;SG _
ወንዝ የ ኣል ኧ በ ት የትኛ ኡ ም ቦታ ሽርሽር መሄድ ደስ ይ ል ኧው ኣል ።	ወንዝ የ ኣል ኧ በ ት የትኛ ኡ ም ቦታ ሽርሽር መሄድ ደስ ይ ል ኧው ኣል ።	N ADP V 3;MASC;PRO;SG ADP;ESS 3;FEM;PRO;SG PRO DET CONJ N N N;V.MSDR V 3;MASC;PRO;SG V 3;PRO;SG V _
ፈለግ ህ ን ተከተል ኧ ።	ፈለግ ህ ን ተከተል ኧ ።	N 2;MASC;PRO;SG PART V 3;MASC;PRO;SG _
ካሳ ትናትና ወደ ጎንደር ሄድ ኧ ።	ካሳ ትናትና ወደ ጎንደር ሄድ ኧ ።	PROPN ADV ADP N V 3;MASC;PRO;SG _
ስንቅ ይ ነጠቅ ኡ ኣል ።	ስንቅ ይ ነጠቅ ኡ ኣል ።	N 3;PL;PRO V 3;PL;PRO V _
እዚህ ብቆም ምን ኣለ ብ ኧት ?	እዚህ ብቆም ምን ኣለ ብ ኧት ?	DET V PRO V ADP 3;MASC;PRO;SG _
ማንም ለ ምሳ ኣል ቀር ኧ ም ።	ማንም ለ ምሳ ኣል ቀር ኧ ም ።	PRO ADP N NEG;PART V 3;MASC;PRO;SG PART _
መብላት ከ ኣል ኧ ብ ኝ የ እም እ በላ ው ስጋ ን ኧው ።	መብላት ከ ኣል ኧ ብ ኝ የ እም እ በላ ው ስጋ ን ኧው ።	N;V.MSDR CONJ V 3;MASC;PRO;SG ADP 1;NEUT;PRO;SG PART PART 1;PRO;SG V 3;MASC;PRO;SG N V 3;PRO;SG _
ይህ ን ጥያቄ ከ ኣነስ ኡ ት ታጋዮች ግምባር ቀደም ኡ መለስ ዜናዊ ን ኧው ።	ይህ ን ጥያቄ ከ ኣነስ ኡ ት ታጋዮች ግምባር ቀደም ኡ መለስ ዜናዊ ን ኧው ።	DET PART N PART V 3;PL;PRO 3;MASC;PRO;SG N;PL N N DET PROPN PROPN V 3;PRO;SG _
ዕቅድ ኣችን ን መለወጥ ይ ኖር ብ ን ኣል ።	ዕቅድ ኣችን ን መለወጥ ይ ኖር ብ ን ኣል ።	N 1;PL;PRO PART N;V.MSDR 3;MASC;PRO;SG V ADP 1;PL;PRO V _
ሸክም ኡ ን አሳርፍ ኡ ኝ ።	ሸክም ኡ ን አሳርፍ ኡ ኝ ።	N DET PART CAUS;V 3;PL;PRO 1;PRO;SG _
ካሳ ከ አስቴር የ በለጠ ኧች ወፍራም ሚስት አል ኧች ው ።	ካሳ ከ አስቴር የ በለጠ ኧች ወፍራም ሚስት አል ኧች ው ።	PROPN ADP PROPN ADP V 3;FEM;PRO;SG ADJ N V 3;FEM;PRO;SG 3;MASC;PRO;SG _
ያ ን ቤት ን ኧው የ ገዛ ሁ ት ።	ያ ን ቤት ን ኧው የ ገዛ ሁ ት ።	DET PART N V 3;PRO;SG PART V 1;NEUT;PRO;SG 3;FEM;PRO;SG _
በግ አል ት ግዛ !	በግ አል ት ግዛ !	N NEG;PART 3;MASC;PRO;SG V _
ማን ምን አደረግ ኧ ?	ማን ምን አደረግ ኧ ?	PRO PRO V 3;MASC;PRO;SG _
ምናልባት ካሳ በ ድንገት ወደ ጎንደር ሄድ ኦ ይ ሆን ኣል ።	ምናልባት ካሳ በ ድንገት ወደ ጎንደር ሄድ ኦ ይ ሆን ኣል ።	ADV PROPN ADP ADV ADP N V 3;MASC;PRO;SG 3;MASC;PRO;SG V V _
ነጋዴዎች ኡ ን ሸቀጥ አለዋወጥ ኣቸው ።	ነጋዴዎች ኡ ን ሸቀጥ አለዋወጥ ኣቸው ።	N;PL DET PART N V 3;NEUT;PL;PRO _
አስቴር ምንም ልብስ አል ገዝ ኣች ም ።	አስቴር ምንም ልብስ አል ገዝ ኣች ም ።	PROPN PRO N NEG;PART V 3;FEM;PRO;SG PART _
አስቴር ን ጨነቅ ኧ ኣት ።	አስቴር ን ጨነቅ ኧ ኣት ።	PROPN PART V 3;MASC;PRO;SG 3;FEM;PRO;SG _
የ አስቴር ቤት የ መስራት አላማ ከሸፍ ኧ ።	የ አስቴር ቤት የ መስራት አላማ ከሸፍ ኧ ።	ADP PROPN N PART N;V.MSDR N V 3;MASC;PRO;SG _
ዝሆን አንበሳ ው ን ረጋገጥ ኧ ው ።	ዝሆን አንበሳ ው ን ረጋገጥ ኧ ው ።	N N DET PART V 3;MASC;PRO;SG 3;MASC;PRO;SG _
ገንዘብ ይ ኖር ኧኝ ኣል ይ ኖር ኧኝ እንደሆን አል ኣውቅ ም ።	ገንዘብ ይ ኖር ኧኝ ኣል ይ ኖር ኧኝ እንደሆን አል ኣውቅ ም ።	N 3;MASC;PRO;SG V 1;PRO;SG NEG;PART 3;MASC;PRO;SG V 1;PRO;SG INTJ NEG;PART V PART _
ካሳ ለ አስቴር መዝሙር ዘመር ኧ ል ኣት ።	ካሳ ለ አስቴር መዝሙር ዘመር ኧ ል ኣት ።	PROPN ADP PROPN N V 3;MASC;PRO;SG ADP 3;FEM;PRO;SG _
ካሳ እንድ ት መጣ ጠየቅ ኧ ኣት ።	ካሳ እንድ ት መጣ ጠየቅ ኧ ኣት ።	PROPN ADP 3;FEM;PRO;SG V V 3;MASC;PRO;SG 3;FEM;PRO;SG _
እናት ኡ ን በ ማየት ኡ በጣም ደስ ኣል ኧው ።	እናት ኡ ን በ ማየት ኡ በጣም ደስ ኣል ኧው ።	N 3;MASC;PRO;SG PART CONJ N;V.MSDR DET ADV V V 3;PRO;SG _
በል ብላ ኣት !	በል ብላ ኣት !	INTJ IMP;V 3;FEM;PRO;SG _
ስንት መጽሐፍ ት ፈልግ ኣል ኧህ ?	ስንት መጽሐፍ ት ፈልግ ኣል ኧህ ?	PRO N 3;FEM;PRO;SG V V 2;MASC;PRO;SG _
ወደ ቤት ዋ ሄድ ኧች ።	ወደ ቤት ዋ ሄድ ኧች ።	ADP N 3;FEM;PRO;SG V 3;FEM;PRO;SG _
ልጅ ኡ ልብስ ኡ ን ደበቅ ኧ ።	ልጅ ኡ ልብስ ኡ ን ደበቅ ኧ ።	N DET N DET PART V 3;MASC;PRO;SG _
ዛሬ ወደ ተማሪ ቤት ለ መሄድ ኣል ተሰናዳ ህ ም ሳ ?	ዛሬ ወደ ተማሪ ቤት ለ መሄድ ኣል ተሰናዳ ህ ም ሳ ?	ADV ADP N N ADP N;V.MSDR NEG;PART PASS;V 2;MASC;PRO;SG PART INTJ _
ይህ ማ ብ ይ ሆን መልካም ን ኧው ።	ይህ ማ ብ ይ ሆን መልካም ን ኧው ።	DET INTJ CONJ 3;MASC;PRO;SG V ADJ V 3;PRO;SG _
ተማሪ ቤት አስኬድ ኩ ት ።	ተማሪ ቤት አስኬድ ኩ ት ።	N N CAUS;V 1;PRO;SG 3;MASC;PRO;SG _
ወደ አባት ሽ ቤት ብ ት መለስ ኢ ስ ?	ወደ አባት ሽ ቤት ብ ት መለስ ኢ ስ ?	ADP N 2;FEM;PRO;SG N CONJ 3;FEM;PRO;SG V 3;FEM;PRO;SG INTJ _
